Date,px_gld_open,px_gld_high,px_gld_low,px_gld_close,vol_gld,px_slv_open,px_slv_high,px_slv_low,px_slv_close,vol_slv,dxy,vix,tnx,px_xau_binance_open,px_xau_binance_high,px_xau_binance_low,px_xau_binance_close,px_xau_binance_volume,px_xau_binance_num_trades,px_xag_binance_open,px_xag_binance_high,px_xag_binance_low,px_xag_binance_close,px_xag_binance_volume,px_xag_binance_num_trades,funding_xau,funding_mark_xau,funding_xag,funding_mark_xag,oi_xau,oi_xag,ret_xau_binance,ret_xag_binance,ret_gld,ret_slv,ret_xau_binance_abs,ret_xau_binance_sq,ret_xag_binance_abs,ret_xag_binance_sq,ret_gld_abs,ret_gld_sq,ret_slv_abs,ret_slv_sq,vol_realized_10_ret_xau_binance,vol_realized_20_ret_xau_binance,vol_realized_10_ret_xag_binance,vol_realized_20_ret_xag_binance,vol_realized_10_ret_gld,vol_realized_20_ret_gld,vol_realized_10_ret_slv,vol_realized_20_ret_slv,vol_parkinson_gld,vol_parkinson_slv,vol_parkinson_xau_binance,vol_parkinson_xag_binance,vol_gk_gld,vol_gk_slv,vol_gk_xau_binance,vol_gk_xag_binance,corr_20_gld_xau,corr_20_slv_xag,beta_60_gld_on_xau,beta_60_slv_on_xag,vol_ratio_gld_xau,vol_ratio_slv_xag,abs_return_gap_gld_xau,abs_return_gap_slv_xag,post_event,event_window_7,event_window_14,log_vol_gld,log_vol_slv,amihud_gld,amihud_20_gld,amihud_slv,amihud_20_slv,funding_xau_change,funding_extreme_xau,oi_xau_change,funding_xag_change,funding_extreme_xag,oi_xag_change,dxy_ret,vix_ret,tnx_ret
2025-09-02,320.82000732421875,325.9200134277344,320.239990234375,325.5899963378906,21247500.0,36.630001068115234,37.16999816894531,36.43000030517578,37.150001525878906,35875300.0,98.4000015258789,17.170000076293945,4.2769999504089355,,,,,,,,,,,,,,,,,,,,,,,,,,,,,,,,,,,,,,,,,,,,,,,,,,,,,,,0,0,0,16.87174979935492,17.395559594378433,,,,,,0,,,0,,,,
2025-09-03,327.760009765625,329.45001220703125,326.7300109863281,328.1400146484375,16062200.0,37.33000183105469,37.63999938964844,37.18000030517578,37.34000015258789,27291200.0,98.13999938964844,16.350000381469727,4.210999965667725,,,,,,,,,,,,,,,,,,,,,0.007801481349129169,0.005101329962798662,,,,,0.007801481349129169,6.086311124081028e-05,0.005101329962798662,2.6023567389347397e-05,,,,,,,,,,,,,,,,,,,,,,,,,0,0,0,16.59197924340249,17.122074863868747,4.857044084327906e-10,,1.8692215669514942e-10,,,0,,,0,,-0.0026457951225422605,-0.04893575867808497,-0.015551676623154487
2025-09-04,327.0299987792969,327.55999755859375,325.3500061035156,326.69000244140625,11703100.0,37.20000076293945,37.220001220703125,36.630001068115234,36.93000030517578,45258500.0,98.3499984741211,15.300000190734863,4.176000118255615,,,,,,,,,,,,,,,,,,,,,-0.004428674737355642,-0.01104090507192268,,,,,0.004428674737355642,1.961315992929207e-05,0.01104090507192268,0.00012190158480720796,,,,,,,,,,,,,,,,,,,,,,,,,0,0,0,16.275364321937964,17.627901055773357,3.784189434727245e-10,,2.439520768899252e-10,,,0,,,0,,0.002137504877720353,-0.06637507981002333,-0.008346262128539728
2025-09-05,329.5299987792969,331.44000244140625,328.92999267578125,331.04998779296875,16065200.0,37.40999984741211,37.599998474121094,36.970001220703125,37.209999084472656,25435500.0,97.7699966430664,15.180000305175781,4.085999965667725,,,,,,,,,,,,,,,,,,,,,0.013257668006979806,0.007553280626095393,,,,,0.013257668006979806,0.0001757657609832959,0.007553280626095393,5.705204821654802e-05,,,,,,,,,,,,,,,,,,,,,,,,,0,0,0,16.592165999878816,17.05165639399743,8.252413917647963e-10,,2.969582129738119e-10,,,0,,,0,,-0.005914782137712571,-0.007874048793430344,-0.02178739090523929
2025-09-08,333.6600036621094,335.6700134277344,333.2300109863281,334.82000732421875,18617300.0,37.56999969482422,37.83000183105469,37.36000061035156,37.5099983215332,25019700.0,97.44999694824219,15.109999656677246,4.046000003814697,,,,,,,,,,,,,,,,,,,,,0.011323711365555766,0.008030001592417957,,,,,0.011323711365555766,0.00012822643909041683,0.008030001592417957,6.448092557423492e-05,,,,,,,,,,,,,,,,,,,,,,,,,0,0,0,16.73960181392833,17.03517407252348,6.082359614743151e-10,,3.2094715733673695e-10,,,0,,,0,,-0.0032783525451431927,-0.004622038508200976,-0.009837748304627913
2025-09-09,337.0299987792969,338.30999755859375,333.8500061035156,334.05999755859375,21641900.0,37.43000030517578,37.58000183105469,37.0099983215332,37.18000030517578,24001200.0,97.79000091552734,15.039999961853027,4.073999881744385,,,,,,,,,,,,,,,,,,,,,-0.002272485609217334,-0.0088365288452521,,,,,0.002272485609217334,5.164190844099878e-06,0.0088365288452521,7.808424203297242e-05,,,,,,,,,,,,,,,,,,,,,,,,,0,0,0,16.890141808458015,16.993614387062262,1.050039788196662e-10,,3.6817029337083563e-10,,,0,,,0,,0.003482937048931767,-0.004643437577763088,0.006896549089322024
2025-09-10,335.7300109863281,336.5,326.19000244140625,335.260009765625,11945700.0,37.349998474121094,37.4900016784668,37.2400016784668,37.40999984741211,17743600.0,97.77999877929688,15.350000381469727,4.0320000648498535,,,,,,,,,,,,,,,,,,,,,0.0035857690781284646,0.006167053779894349,,,,,0.0035857690781284646,1.2857739881662259e-05,0.006167053779894349,3.803255232410918e-05,,,,,,,,,,,,,,,,,,,,,,,,,0,0,0,16.29588193895051,16.691535445486814,3.001723698174627e-10,,3.475649687715204e-10,,,0,,,0,,-0.00010228702004155821,0.020402182899327936,-0.010362741924847096
2025-09-11,333.3699951171875,335.1600036621094,332.9700012207031,334.760009765625,9082600.0,37.369998931884766,37.91999816894531,37.33000183105469,37.790000915527344,19051500.0,97.54000091552734,14.710000038146973,4.011000156402588,,,,,,,,,,,,,,,,,,,,,-0.0014924929949513555,0.010106497306851203,,,,,0.0014924929949513555,2.2275353399788667e-06,0.010106497306851203,0.00010214128781339062,,,,,,,,,,,,,,,,,,,,,,,,,0,0,0,16.021871053201302,16.762656396594622,1.6432442196632632e-10,,5.304830226938143e-10,,,0,,,0,,-0.002457484998239501,-0.04258796167804002,-0.0052219210715303
2025-09-12,335.8800048828125,336.3900146484375,335.2300109863281,335.4200134277344,9619700.0,38.2400016784668,38.45000076293945,38.150001525878906,38.34000015258789,19902300.0,97.55000305175781,14.760000228881836,4.060999870300293,,,,,,,,,,,,,,,,,,,,,0.001969631599387789,0.014449200009253538,,,,,0.001969631599387789,3.879448637306899e-06,0.014449200009253538,0.00020877938090741244,,,,,,,,,,,,,,,,,,,,,,,,,0,0,0,16.079323637124443,16.80634586090556,2.0474979462850076e-10,,7.260065424224104e-10,,,0,,,0,,0.00010253868507703601,0.003393297472611856,0.012388590984955927
2025-09-15,336.30999755859375,339.2799987792969,336.2300109863281,338.9100036621094,10569900.0,38.29999923706055,38.790000915527344,38.25,38.7599983215332,22225100.0,97.30000305175781,15.6899995803833,4.033999919891357,,,,,,,,,,,,,,,,,,,,,0.010351078276419123,0.010895002121107833,,,,,0.010351078276419123,0.00010714482148455589,0.010895002121107833,0.00011870107121894418,,,,,,,,,,,,,,,,,,,,,,,,,0,0,0,16.173520897063728,16.91673283879169,9.79297654322096e-10,,4.90211613045963e-10,,,0,,,0,,-0.0025660777967813075,0.06110270532150208,-0.0066707970926307425
2025-09-16,340.0899963378906,340.8800048828125,338.6199951171875,339.5899963378906,12161500.0,39.0,39.0099983215332,38.34000015258789,38.599998474121094,25319700.0,96.62999725341797,16.360000610351562,4.026000022888184,,,,,,,,,,,,,,,,,,,,,0.002004400599687095,-0.00413650677822508,,,,,0.002004400599687095,4.017621764025986e-06,0.00413650677822508,1.711068832630203e-05,,,,,0.006169081484056924,,0.008728669250658959,,,,,,,,,,,,,,,,,,0,0,0,16.31378578215782,17.047093306828824,1.6481524480426717e-10,,1.6337108173576622e-10,,,0,,,0,,-0.006909796968858295,0.041815828481424955,-0.001985086770962763
2025-09-17,338.5299987792969,341.239990234375,335.5199890136719,336.9700012207031,16535300.0,38.040000915527344,38.34000015258789,37.349998474121094,37.790000915527344,31045500.0,96.87000274658203,15.720000267028809,4.076000213623047,,,,,,,,,,,,,,,,,,,,,-0.007745087571334075,-0.02120769535213629,,,,,0.007745087571334075,5.998638148763356e-05,0.02120769535213629,0.00044976634214902324,,,,,0.007058282507129128,,0.011745919018962487,,,,,,,,,,,,,,,,,,0,0,0,16.621008047565766,17.25096442830452,4.683971607006873e-10,,6.831165660767677e-10,,,0,,,0,,0.002480678204053177,-0.0399055644945272,0.01234283486775678
2025-09-18,336.2200012207031,336.32000732421875,333.80999755859375,335.6199951171875,14913300.0,37.849998474121094,38.0,37.61000061035156,37.9900016784668,13289200.0,97.3499984741211,15.699999809265137,4.104000091552734,,,,,,,,,,,,,,,,,,,,,-0.004014356216470283,0.005278469793232432,,,,,0.004014356216470283,1.6115055832713606e-05,0.005278469793232432,2.7862243358067234e-05,,,,,0.0070131509372055,,0.010964228297804662,,,,,,,,,,,,,,,,,,0,0,0,16.517763990219308,16.40246223324178,2.6917960588671073e-10,,3.97199966381154e-10,,,0,,,0,,0.004942814352483893,-0.0012731037820805646,0.006845962406190065
2025-09-19,336.510009765625,339.2300109863281,336.30999755859375,339.17999267578125,14982600.0,38.2599983215332,39.119998931884766,38.189998626708984,39.040000915527344,36776300.0,97.63999938964844,15.449999809265137,4.138999938964844,,,,,,,,,,,,,,,,,,,,,0.010551365296973536,0.02726377361456045,,,,,0.010551365296973536,0.00011133130963017744,0.02726377361456045,0.0007433133517060025,,,,,0.0066004069036385464,,0.013407224881889121,,,,,,,,,,,,,,,,,,0,0,0,16.522400085745733,17.420364173928945,7.042412730082586e-10,,7.413408530646218e-10,,,0,,,0,,0.002974523129664064,-0.016051709207089093,0.008492067843602458
2025-09-22,342.75,345.07000732421875,341.8399963378906,345.04998779296875,12386400.0,39.5,40.04999923706055,39.34000015258789,40.040000915527344,32055400.0,97.33000183105469,16.100000381469727,4.14300012588501,,,,,,,,,,,,,,,,,,,,,0.017158380367683357,0.025292192316438644,,,,,0.017158380367683357,0.00029441001684210166,0.025292192316438644,0.0006396949921717179,,,,,0.007648935868530554,,0.014897612894207065,,,,,,,,,,,,,,,,,,0,0,0,16.332109654484764,17.282976213878126,1.3852596692891686e-09,,7.890150276221368e-10,,,0,,,0,,-0.0031799540224666245,0.04121030468573306,0.0009659954600114151
2025-09-23,348.2300109863281,348.75,345.32000732421875,346.4599914550781,18384000.0,40.310001373291016,40.36000061035156,39.790000915527344,39.959999084472656,28492600.0,97.26000213623047,16.639999389648438,4.119999885559082,,,,,,,,,,,,,,,,,,,,,0.004078048498239895,-0.0020000464430802722,,,,,0.004078048498239895,1.663047955399666e-05,0.0020000464430802722,4.000185774478049e-06,,,,,0.007421919092512818,,0.014257343485374014,,,,,,,,,,,,,,,,,,0,0,0,16.726991279070674,17.165154962401402,2.2182596269799253e-10,,7.019529432485179e-11,,,0,,,0,,-0.0007194583114911168,0.03299010302909133,-0.005567057895740524
2025-09-24,346.70001220703125,346.8299865722656,342.1400146484375,343.32000732421875,12709100.0,40.130001068115234,40.15999984741211,39.63999938964844,39.81999969482422,31533200.0,97.87000274658203,16.18000030517578,4.146999835968018,,,,,,,,,,,,,,,,,,,,,-0.009104369003754442,-0.0035096398970893006,,,,,0.009104369003754442,8.288953495652466e-05,0.0035096398970893006,1.2317572207240997e-05,,,,,0.008447186294382932,,0.01465878977608245,,,,,,,,,,,,,,,,,,0,0,0,16.35782883027294,17.266551517015248,7.163661473868679e-10,,1.1129983309937782e-10,,,0,,,0,,0.00625226856154093,-0.028033468221638103,0.006532006125358203
2025-09-25,344.3900146484375,345.8299865722656,342.4700012207031,344.75,12639600.0,40.459999084472656,41.060001373291016,40.119998931884766,41.029998779296875,36395800.0,98.55000305175781,16.739999771118164,4.171999931335449,,,,,,,,,,,,,,,,,,,,,0.004156538489887396,0.02993418573044826,,,,,0.004156538489887396,1.7276812217915394e-05,0.02993418573044826,0.0008960554753449722,,,,,0.008348069456513568,,0.01646865056384686,,,,,,,,,,,,,,,,,,0,0,0,16.352345300612633,17.40996394133427,3.288504770631504e-10,,8.22462639382793e-10,,,0,,,0,,0.006923969064020596,0.034025120896936656,0.006010378970229491
2025-09-26,345.8299865722656,348.25,345.30999755859375,346.739990234375,11698200.0,41.22999954223633,42.33000183105469,41.09000015258789,41.86000061035156,44578500.0,98.1500015258789,15.289999961853027,4.186999797821045,,,,,,,,,,,,,,,,,,,,,0.005755674720215431,0.02002725489601964,,,,,0.005755674720215431,3.3127791484926986e-05,0.02002725489601964,0.0004010909386701427,,,,,0.008384914407323883,,0.016794110011411276,,,,,,,,,,,,,,,,,,0,0,0,16.274945541778607,17.612762237980405,4.920137046909294e-10,,4.492581602346342e-10,,,0,,,0,,-0.00406712829645528,-0.09060203394250488,0.003588918069597602
2025-09-29,351.7900085449219,352.8299865722656,351.2799987792969,352.4599914550781,15719600.0,42.459999084472656,42.75,42.18000030517578,42.5,41290300.0,97.91000366210938,16.1200008392334,4.140999794006348,,,,,,,,,,,,,,,,,,,,,0.01636192499893241,0.015173344331735006,,,,,0.01636192499893241,0.0002677125896706893,0.015173344331735006,0.00023023037820939484,,,,,0.009127576254856011,,0.01690798208955498,,0.007149607164963406,0.0103996802644598,,,0.007598324323005414,0.010620539439489464,,,,,,,,,,,0,0,0,16.570418899348976,17.53613816351764,1.0408614086193294e-09,,3.67479633999632e-10,,,0,,,0,,-0.0024482095000752935,0.052861771694031834,-0.01104718393117432
2025-09-30,351.1300048828125,355.57000732421875,350.8699951171875,355.4700012207031,13312400.0,41.790000915527344,42.459999084472656,41.70000076293945,42.369998931884766,34884200.0,97.7699966430664,16.280000686645508,4.1479997634887695,,,,,,,,,,,,,,,,,,,,,0.008503744538253422,-0.0030635365011373317,,,,,0.008503744538253422,7.23136711718749e-05,0.0030635365011373317,9.385255893800763e-06,,,,,0.009207048051820668,0.007629907710049864,0.016817024321954453,0.013341107021137014,0.006981093651129468,0.010331678260485425,,,0.007464977497512233,0.010536124359382733,,,,,,,,,,,0,0,0,16.404206489668617,17.367544562600045,6.387837308264041e-10,5.240871654836222e-10,8.782017363555225e-11,4.0968876368787275e-10,,0,,,0,,-0.0014309795862192942,0.009876613611529805,0.0016889785306188898
2025-10-01,356.1700134277344,356.9700012207031,354.7900085449219,356.0299987792969,15573600.0,43.029998779296875,43.400001525878906,42.869998931884766,42.90999984741211,44341800.0,97.70999908447266,16.290000915527344,4.105999946594238,,,,,,,,,,,,,,,,,,,,,0.0015741326049987237,0.01266435601820115,,,,,0.0015741326049987237,2.4778934581200676e-06,0.01266435601820115,0.0001603859133557477,,,,,0.008243200451279275,0.007610406542753699,0.012952489912521683,0.013404209434876553,0.006940668048637554,0.010331483288109301,,,0.007414083596824425,0.01052877419985704,,,,,,,,,,,0,0,0,16.561087730957205,17.607438356727656,1.0107698958485666e-10,5.048557945412255e-10,2.85607621210712e-10,4.1462303691365085e-10,,0,,,0,,-0.0006138485961635354,0.0006140760641177856,-0.010176927759162124
2025-10-02,358.260009765625,358.6700134277344,351.3999938964844,354.7900085449219,16162100.0,43.56999969482422,43.59000015258789,41.65999984741211,42.529998779296875,58242300.0,97.8499984741211,16.6299991607666,4.0879998207092285,,,,,,,,,,,,,,,,,,,,,-0.0034889043060362113,-0.00889521488405931,,,,,0.0034889043060362113,1.2172453256678017e-05,0.00889521488405931,7.912484783359029e-05,,,,,0.00817720941126614,0.0075578347712416255,0.014534475885003078,0.013260434265309547,0.007410029315592591,0.011794899357326118,,,0.007905533904140224,0.012062132938827734,,,,,,,,,,,0,0,0,16.59817955310944,17.880122452831166,2.158694913430935e-10,4.96728321934744e-10,1.5272774056071465e-10,4.100618200971903e-10,,0,,,0,,0.0014317796616145628,0.020656763924054466,-0.004393496546398978
2025-10-03,357.1199951171875,358.1400146484375,355.79998779296875,357.6400146484375,14464000.0,43.33000183105469,43.95000076293945,43.04999923706055,43.52000045776367,47523500.0,97.72000122070312,16.649999618530273,4.11899995803833,,,,,,,,,,,,,,,,,,,,,0.008000845595952377,0.02301093250277786,,,,,0.008000845595952377,6.401353025027056e-05,0.02301093250277786,0.0005295030146473985,,,,,0.008042712341892902,0.007310910601780269,0.014069895814147653,0.013732803014513855,0.0073919776388662725,0.011903397158622367,,,0.007905390923021158,0.012216577669488807,,,,,,,,,,,0,0,0,16.487173361614094,17.676734883505052,5.531558072422827e-10,4.831240427086182e-10,4.842011321299538e-10,4.1942396605499744e-10,,0,,,0,,-0.0013294193666384402,0.0012019507755498537,0.0075545962230181285
2025-10-06,362.1600036621094,365.29998779296875,361.3699951171875,364.3800048828125,17093700.0,44.0099983215332,44.2599983215332,43.88999938964844,44.060001373291016,34114000.0,98.11000061035156,16.3700008392334,4.1620001792907715,,,,,,,,,,,,,,,,,,,,,0.018670357712141872,0.012331759476699844,,,,,0.018670357712141872,0.0003485822570993355,0.012331759476699844,0.0001520722917911764,,,,,0.008300501148042634,0.007868784531673986,0.013160656933259237,0.01376970308363507,0.007469362582012909,0.01183820708182705,,,0.007975011683630321,0.012129452432214072,,,,,,,,,,,0,0,0,16.65422053253655,17.345218415182956,1.092236187141571e-09,5.073240539919811e-10,3.6148676428152206e-10,4.2145094640223673e-10,,0,,,0,,0.003983045515008499,-0.016959750865767287,0.010385365782874745
2025-10-07,366.510009765625,367.2699890136719,364.54998779296875,366.260009765625,16836800.0,43.970001220703125,43.9900016784668,42.95000076293945,43.38999938964844,42769100.0,98.58000183105469,17.239999771118164,4.126999855041504,,,,,,,,,,,,,,,,,,,,,0.005146197838027611,-0.015323386799235283,,,,,0.005146197838027611,2.6483352188120054e-05,0.015323386799235283,0.00023480618299897814,,,,,0.00828773603037291,0.007719557435186407,0.015006734477750775,0.01425613506343115,0.007322013590290383,0.01209353928940038,,,0.007879316638863713,0.01237159892335299,,,,,,,,,,,0,0,0,16.639077524968684,17.57132643719469,3.056517769426263e-10,5.173564438981291e-10,3.5828172206652194e-10,4.20956517837021e-10,,0,,,0,,0.00477911545513976,0.05178180930974774,-0.00844505540345386
2025-10-08,371.6499938964844,373.57000732421875,370.5,372.29998779296875,28052300.0,44.43000030517578,45.0099983215332,44.279998779296875,44.560001373291016,59455700.0,98.8499984741211,16.299999237060547,4.129000186920166,,,,,,,,,,,,,,,,,,,,,0.01635645771461558,0.026607640694328527,,,,,0.01635645771461558,0.0002675337089700075,0.026607640694328527,0.0007079665433184875,,,,,0.007110204017992738,0.00814746219007703,0.015404655455725414,0.014858689209871035,0.00611369027175485,0.012258389924562126,,,0.006289397686355896,0.012589937720808672,,,,,,,,,,,0,0,0,17.149581183006394,17.9007420553948,5.830701124191449e-10,5.315013310282132e-10,4.475204344466305e-10,4.2595429112077653e-10,,0,,,0,,0.002735114328785926,-0.056067190952723944,0.0004845765280130365
2025-10-09,373.1400146484375,373.2200012207031,362.8299865722656,365.42999267578125,33674800.0,46.27000045776367,46.349998474121094,42.810001373291016,44.709999084472656,110701700.0,99.54000091552734,16.43000030517578,4.1479997634887695,,,,,,,,,,,,,,,,,,,,,-0.018625225753275743,0.003360543330927168,,,,,0.018625225753275743,0.00034689903436048593,0.003360543330927168,1.1293251479039067e-05,,,,,0.011065207650896112,0.009653951075246314,0.01405578555195023,0.014902657133539618,0.007139858909320119,0.016114163663438985,,,0.0070940208317483815,0.017025218002339623,,,,,,,,,,,0,0,0,17.332260341119085,18.522349754381185,5.530909093231658e-10,5.509396553960552e-10,3.0356745478408807e-11,4.009479772600062e-10,,0,,,0,,0.006956048447671392,0.007943889616864208,0.004590941175109053
2025-10-10,367.5400085449219,370.30999755859375,365.44000244140625,369.1199951171875,24192800.0,45.47999954223633,46.0,44.880001068115234,45.43000030517578,67017000.0,98.9800033569336,21.65999984741211,4.051000118255615,,,,,,,,,,,,,,,,,,,,,0.010047058859954383,0.015975516719932692,,,,,0.010047058859954383,0.00010094339173538787,0.015975516719932692,0.000255217134468849,,,,,0.01114512495595887,0.009716429262913539,0.01374438978869397,0.014939087652600661,0.00734322019785378,0.01641696395241246,,,0.007354525998947093,0.017424752990747864,,,,,,,,,,,0,0,0,17.001565626197706,18.02045687651417,4.1529127922168507e-10,5.614667296257145e-10,2.3838006356495655e-10,3.765666533171336e-10,,0,,,0,,-0.005641739188980033,0.2763582839046803,-0.02366243993688011
2025-10-13,376.5,378.8599853515625,375.5799865722656,378.0899963378906,18514400.0,46.939998626708984,47.439998626708984,46.58000183105469,47.2599983215332,57830400.0,99.2699966430664,19.030000686645508,4.051000118255615,,,,,,,,,,,,,,,,,,,,,0.024010471634505315,0.0394915497543642,,,,,0.024010471634505315,0.0005765027481113844,0.0394915497543642,0.001559582502001423,,,,,0.012134369564866174,0.01057063278082447,0.01690607705998895,0.016471858871404947,0.0073359252559090675,0.016492669605355458,,,0.007398859677204961,0.017576614857978453,,,,,,,,,,,0,0,0,16.73405936564759,17.873025146935657,1.2968538885681045e-09,5.773445413380148e-10,6.828856406727983e-10,3.8620035469847535e-10,,0,,,0,,0.002925533346425091,-0.12945051713783595,0.0
2025-10-14,378.2099914550781,382.3800048828125,377.8999938964844,380.7900085449219,18409600.0,45.9900016784668,47.2599983215332,45.77000045776367,46.79999923706055,57821500.0,99.05000305175781,20.809999465942383,4.021999835968018,,,,,,,,,,,,,,,,,,,,,0.007115811676484007,-0.009781049621695015,,,,,0.007115811676484007,5.063477581518614e-05,0.009781049621695015,9.56689317020602e-05,,,,,0.012123439275640304,0.01054419385968869,0.017628060350653955,0.01677090715671966,0.007451347609113604,0.016884995019219893,,,0.007500554678369551,0.017979323299205426,,,,,,,,,,,0,0,0,16.72838282565111,17.872871236796392,3.8652722908069744e-10,5.884301405518364e-10,1.6915938918386784e-10,3.8648977007088037e-10,,0,,,0,,-0.0022185728306007846,0.0894168973517111,-0.0071845428454884175
2025-10-15,385.92999267578125,387.760009765625,384.5899963378906,387.3900146484375,20598300.0,47.75,48.40999984741211,47.41999816894531,48.33000183105469,41672900.0,98.79000091552734,20.639999389648438,4.046000003814697,,,,,,,,,,,,,,,,,,,,,0.01718391083164228,0.032169337122019304,,,,,0.01718391083164228,0.00029528679146983283,0.032169337122019304,0.0010348662508701293,,,,,0.012366753645546813,0.010339470830918004,0.01898902350594904,0.015825430722656485,0.007182230616447552,0.01674694413453182,,,0.00713691454232551,0.017743840846171994,,,,,,,,,,,0,0,0,16.84071910608265,17.545361595409503,8.342392737091061e-10,6.067222462022573e-10,7.719486074167938e-10,3.9093137213788166e-10,,0,,,0,,-0.0026284096310433824,-0.008202703699969227,0.005949489121611418
2025-10-16,391.1499938964844,396.8699951171875,390.3999938964844,396.45001220703125,33621400.0,48.099998474121094,49.25,48.0,49.16999816894531,48853000.0,98.38999938964844,25.309999465942383,3.9760000705718994,,,,,,,,,,,,,,,,,,,,,0.02311798516943142,0.017231120441086656,,,,,0.02311798516943142,0.0005344412382940511,0.017231120441086656,0.00029691151165523437,,,,,0.012376908736773705,0.010598853830915774,0.01755386036319861,0.015771897263115925,0.007446115660271281,0.017042879735702343,,,0.0072697910212178255,0.017877918857865785,,,,,,,,,,,0,0,0,17.330673326957577,17.704326347054604,6.875973388803388e-10,6.276431328519387e-10,3.5271366018640937e-10,3.887070568281445e-10,,0,,,0,,-0.0040572276495076665,0.20396864241431123,-0.017452433144586443
2025-10-17,397.1400146484375,397.2799987792969,385.2200012207031,388.989990234375,62025000.0,48.459999084472656,48.59000015258789,45.880001068115234,46.9900016784668,86492600.0,98.43000030517578,20.780000686645508,4.006999969482422,,,,,,,,,,,,,,,,,,,,,-0.018996349267190737,-0.045348795350198756,,,,,0.018996349267190737,0.00036086128548109804,0.045348795350198756,0.0020565132397142084,,,,,0.015642251715456537,0.01220964337947641,0.025421754557529045,0.020064358522769384,0.008440025578102896,0.01842316332290535,,,0.008224387939617545,0.019417086916102524,,,,,,,,,,,0,0,0,17.943048087542138,18.275569419109623,3.062692344569244e-10,6.07744530924372e-10,5.243083841877659e-10,3.7785543338430167e-10,,0,,,0,,0.00040647206727051355,-0.19720853474171918,0.007766517494141922
2025-10-20,397.45001220703125,403.29998779296875,394.20001220703125,403.1499938964844,34523000.0,47.7599983215332,47.83000183105469,47.060001373291016,47.720001220703125,35933500.0,98.58999633789062,18.229999542236328,3.9860000610351562,,,,,,,,,,,,,,,,,,,,,0.03575507474940309,0.015415773975866909,,,,,0.03575507474940309,0.0012784253703354027,0.015415773975866909,0.00023764608727501544,,,,,0.017687598631521285,0.013658116970971652,0.025503149175716458,0.019768559022272186,0.008889992796662742,0.018395471948697416,,,0.008683225293488354,0.01947196344210706,,,,,,,,,,,0,0,0,17.357136326544747,17.39718056597923,1.0356885192307475e-09,5.902659734214508e-10,4.2900841765669663e-10,3.5985510288602967e-10,,0,,,0,,0.0016241607005591518,-0.1309224551345447,-0.0052545869349558405
2025-10-21,386.5400085449219,388.8900146484375,375.6499938964844,377.239990234375,54101400.0,45.189998626708984,45.380001068115234,43.310001373291016,43.790000915527344,81395300.0,98.93000030517578,17.8700008392334,3.9630000591278076,,,,,,,,,,,,,,,,,,,,,-0.06642712220281766,-0.08594512108971886,,,,,0.06642712220281766,0.00441256256414807,0.08594512108971886,0.007386563839126437,,,,,0.030068146915940418,0.021507549838544596,0.0389213001482385,0.028953997545992694,0.009945241768838613,0.01934047921020378,,,0.009591560860756543,0.020271498407962576,,,,,,,,,,,0,0,0,17.806370621485577,18.214828089748035,1.2278263076892217e-09,6.405659906710124e-10,1.0558978354981044e-09,4.091402299446923e-10,,0,,,0,,0.0034427329777821924,-0.019945187445519874,-0.005786907974725697
2025-10-22,372.75,378.4700012207031,368.92999267578125,377.2799987792969,30524100.0,43.7400016784668,44.130001068115234,43.279998779296875,43.880001068115234,43270000.0,98.9000015258789,18.600000381469727,3.953000068664551,,,,,,,,,,,,,,,,,,,,,0.00010605032482136068,0.002053158028231028,,,,,0.00010605032482136068,1.1246671394716108e-08,0.002053158028231028,4.215457888889523e-06,,,,,0.029700191244405833,0.021304071341838055,0.03788114456242185,0.028898899789450285,0.010359491285645455,0.019437404964973187,,,0.01013380095070709,0.020423233428848366,,,,,,,,,,,0,0,0,17.234027093496895,17.582970112201068,3.4743145521525834e-12,6.049213990292766e-10,4.744991976498793e-11,4.0594773427797283e-10,,0,,,0,,-0.00030327836272725506,0.04003822509368815,-0.0025265274434731477
2025-10-23,381.4599914550781,382.25,378.6499938964844,378.7900085449219,13695500.0,44.720001220703125,44.869998931884766,44.16999816894531,44.18000030517578,24565600.0,98.94000244140625,17.299999237060547,3.990999937057495,,,,,,,,,,,,,,,,,,,,,0.003994370253229462,0.006813545150764266,,,,,0.003994370253229462,1.5954993719884398e-05,0.006813545150764266,4.642439752150325e-05,,,,,0.028861145082265963,0.02130432643432799,0.037946437211636784,0.028299060178618253,0.010354458906581038,0.019302813681349864,,,0.010080554360856751,0.020268439433966265,,,,,,,,,,,0,0,0,16.43257786968792,17.016857648281512,2.916556718067586e-10,6.03061658766457e-10,2.7736123484727695e-10,3.7869266405119695e-10,,0,,,0,,0.00040437641801727153,-0.07245514382509466,0.009567008610699146
2025-10-24,378.510009765625,380.7699890136719,376.80999755859375,377.5199890136719,13263800.0,44.08000183105469,44.38999938964844,43.84000015258789,43.9900016784668,24014000.0,98.94999694824219,16.3700008392334,3.996999979019165,,,,,,,,,,,,,,,,,,,,,-0.0033584660498817698,-0.004309831383254359,,,,,0.0033584660498817698,1.1279294208208458e-05,0.004309831383254359,1.8574646552084182e-05,,,,,0.02883926237867481,0.021378089244036485,0.0374658606647114,0.02808238508045421,0.010386991486709263,0.018959453548481137,,,0.010126890567639525,0.019923802153943248,,,,,,,,,,,0,0,0,16.400549077835812,16.9941475515728,2.5320542000646645e-10,5.911212445322339e-10,1.7947161585968014e-10,3.6520333683244934e-10,,0,,,0,,0.00010101073197521515,-0.055256014753595206,0.0015022641845554574
2025-10-27,371.1300048828125,371.5899963378906,365.3399963378906,367.010009765625,23657600.0,42.970001220703125,43.060001373291016,41.70000076293945,42.400001525878906,42914100.0,98.77999877929688,15.789999961853027,3.996999979019165,,,,,,,,,,,,,,,,,,,,,-0.02823439606845568,-0.03681397529065045,,,,,0.02823439606845568,0.0007971811213504256,0.03681397529065045,0.0013552687767006218,,,,,0.029189368878647558,0.022352136932113766,0.0355200794996312,0.029228422194773146,0.010617386878048538,0.01935939159862365,,,0.010340481728011667,0.020366048104990913,,,,,,,,,,,0,0,0,16.979194974344917,17.574711001226326,1.1934598635726228e-09,5.987511672798985e-10,8.578526705826394e-10,3.897219886615997e-10,,0,,,0,,-0.0017194984524788737,-0.03607361679793408,0.0
2025-10-28,361.80999755859375,365.29998779296875,360.1199951171875,364.3800048828125,19257600.0,42.36000061035156,42.90999984741211,42.22999954223633,42.70000076293945,27782000.0,98.69000244140625,16.420000076293945,3.9830000400543213,,,,,,,,,,,,,,,,,,,,,-0.007191829710492925,0.007050539876391593,,,,,0.007191829710492925,5.1722414584728754e-05,0.007050539876391593,4.971011254858797e-05,,,,,0.028989805237061954,0.02238811411654375,0.035972356944364396,0.029262249163430572,0.010640210922759087,0.019326275521223516,,,0.01046638407350174,0.020382221894781127,,,,,,,,,,,0,0,0,16.773416345977807,17.13989888693947,3.734541017828247e-10,5.854846858277196e-10,2.537808608592467e-10,3.980200230227844e-10,,0,,,0,,-0.0009114938326346689,0.039123282819029104,-0.0035087602242140914
2025-10-29,369.6499938964844,370.0799865722656,361.3599853515625,363.0,18891800.0,43.84000015258789,43.939998626708984,42.83000183105469,43.22999954223633,27351700.0,99.22000122070312,16.920000076293945,4.058000087738037,,,,,,,,,,,,,,,,,,,,,-0.0037944582730187193,0.012335749988499511,,,,,0.0037944582730187193,1.4397913585680202e-05,0.012335749988499511,0.0001521707277787657,,,,,0.027995949158333765,0.0224160363969389,0.033928644125721635,0.029255084719481284,0.011081094014374673,0.019559859298786106,,,0.010791606330879933,0.020600616327456852,,,,,,,,,,,0,0,0,16.75423852345047,17.12428924212179,2.008521301844567e-10,5.904734428576996e-10,4.5100487313401035e-10,4.0628988561894927e-10,,0,,,0,,0.005355970253849485,0.029996250016489867,0.018654948768800583
2025-10-30,365.0899963378906,370.3599853515625,364.5,370.1300048828125,14812800.0,43.68000030517578,44.439998626708984,43.540000915527344,44.34000015258789,30333200.0,99.52999877929688,16.90999984741211,4.0929999351501465,,,,,,,,,,,,,,,,,,,,,0.019451474207494712,0.025352519538967222,,,,,0.019451474207494712,0.00037835984884483203,0.025352519538967222,0.0006427502469737148,,,,,0.027585919902999065,0.022760183347253632,0.034770286201567926,0.02968330589999006,0.010946036401550927,0.018792356676532063,,,0.010513496918015374,0.019761289130382286,,,,,,,,,,,0,0,0,16.511002229819088,17.22775338019896,1.3131530978271977e-09,6.453376231819048e-10,8.358010212891229e-10,4.4044354965536965e-10,,0,,,0,,0.0031194748173994924,-0.0005912048002163495,0.008587918641550063
2025-10-31,370.4700012207031,370.6600036621094,365.5,368.1199951171875,11077900.0,44.47999954223633,44.52000045776367,43.88999938964844,44.0099983215332,21310900.0,99.80000305175781,17.440000534057617,4.10099983215332,,,,,,,,,,,,,,,,,,,,,-0.00544534976587574,-0.00747036494478559,,,,,0.00544534976587574,2.9651834072722975e-05,0.00747036494478559,5.580635240828142e-05,,,,,0.02725487383772796,0.02277580274149906,0.03252327325981066,0.02933271992600353,0.011071808578897408,0.0186840995729347,,,0.010659800514911902,0.019572287281155412,,,,,,,,,,,0,0,0,16.22046269063428,16.874729236876085,4.91550724042981e-10,6.422573690219398e-10,3.505419735809182e-10,4.337605917279179e-10,,0,,,0,,0.002709119902856827,0.030861295216443985,0.001952623815511867
2025-11-03,368.9100036621094,370.8399963378906,367.5400085449219,368.7799987792969,7254300.0,44.25,44.36000061035156,43.560001373291016,43.7599983215332,17946700.0,99.87000274658203,17.170000076293945,4.105999946594238,,,,,,,,,,,,,,,,,,,,,0.001791298260436669,-0.005696722927157616,,,,,0.001791298260436669,3.2087494578434365e-06,0.005696722927157616,3.2452652108803236e-05,,,,,0.0233816137840571,0.022413738878373713,0.031611272257589584,0.02922874834022237,0.011041552530355022,0.018809503300756317,,,0.010650012521914795,0.01967797142470973,,,,,,,,,,,0,0,0,15.797104954462798,16.70291681198604,2.4692916758841915e-10,5.999920180442822e-10,3.174245363859437e-10,4.3155748033313903e-10,,0,,,0,,0.0007011538604615453,-0.015602769750574286,0.001218500108291165
2025-11-04,363.4800109863281,365.739990234375,361.3900146484375,362.32000732421875,11540100.0,43.040000915527344,43.439998626708984,42.5099983215332,42.7400016784668,26679100.0,100.22000122070312,19.0,4.089000225067139,,,,,,,,,,,,,,,,,,,,,-0.017672437504169025,-0.02358483059496841,,,,,0.017672437504169025,0.00031231504733875994,0.02358483059496841,0.000556244234193358,,,,,0.012698381330452998,0.022748423237076747,0.017809838987711074,0.029508656992448354,0.011113103620369482,0.01875953770543017,,,0.010743926220577647,0.019674371572984368,,,,,,,,,,,0,0,0,16.261338484517946,17.09939104530929,1.5313937924427886e-09,6.612791188192903e-10,8.840189734649373e-10,4.578443429030598e-10,,0,,,0,,0.003498413955198565,0.1012752998136115,-0.004148809165378742
2025-11-05,366.3900146484375,367.1000061035156,364.6499938964844,366.510009765625,8357300.0,43.4900016784668,43.790000915527344,43.349998474121094,43.650001525878906,16178500.0,100.19999694824219,18.010000228881836,4.1570000648498535,,,,,,,,,,,,,,,,,,,,,0.011498013266248108,0.021068028080176493,,,,,0.011498013266248108,0.0001322043090708175,0.021068028080176493,0.0004438618071871052,,,,,0.013590834526488934,0.02258383222111488,0.019294507253756244,0.029263283522401696,0.011094219765063803,0.018679874472554862,,,0.010719491590419346,0.019566568982844285,,,,,,,,,,,0,0,0,15.938645966388792,16.59919375825132,1.375804777409942e-09,7.009158520688301e-10,1.3022238205134278e-09,5.005795122063996e-10,,0,,,0,,-0.00019962351771418696,-0.053511807269978284,0.01649317944605566
2025-11-06,367.1600036621094,368.17999267578125,364.70001220703125,366.07000732421875,6891100.0,43.65999984741211,43.900001525878906,43.2400016784668,43.54999923706055,15957900.0,99.7300033569336,19.5,4.0929999351501465,,,,,,,,,,,,,,,,,,,,,-0.0012012407765737976,-0.0022936314629347088,,,,,0.0012012407765737976,1.4429794033036204e-06,0.0022936314629347088,5.260745287764013e-06,,,,,0.013396063958669827,0.022192026561850285,0.019123784220449053,0.029245924649282842,0.010503939997773874,0.015467490116942055,,,0.010270485712419224,0.01591785224806271,,,,,,,,,,,0,0,0,15.745741281915956,16.5854645623813,1.7431771075355134e-10,6.819771921403493e-10,1.4373015640746645e-10,5.062481827528525e-10,,0,,,0,,-0.004701590120104626,0.07948729367323892,-0.015515494204479952
2025-11-07,367.94000244140625,370.4200134277344,366.4200134277344,368.30999755859375,11060400.0,44.02000045776367,44.22999954223633,43.5099983215332,43.91999816894531,16493100.0,99.5999984741211,19.079999923706055,4.0929999351501465,,,,,,,,,,,,,,,,,,,,,0.006100376279774444,0.008460069730783726,,,,,0.006100376279774444,3.721459075483469e-05,0.008460069730783726,7.157277984972302e-05,,,,,0.013730327222918053,0.022116221502444158,0.01933576074366275,0.029059769072331824,0.010454572739991567,0.015269057503870096,,,0.010216869384362448,0.015647564939859273,,,,,,,,,,,0,0,0,16.218881719769755,16.618452669590226,5.515511446036711e-10,6.887901854094487e-10,5.129460035277617e-10,5.199764797509928e-10,,0,,,0,,-0.001304418803511176,-0.021773803548194692,0.0
2025-11-10,375.92999267578125,378.6600036621094,374.7799987792969,378.3800048828125,13456200.0,45.16999816894531,45.869998931884766,45.0099983215332,45.790000915527344,20763800.0,99.62000274658203,17.600000381469727,4.110000133514404,,,,,,,,,,,,,,,,,,,,,0.02697402633060797,0.04169599115245548,,,,,0.02697402633060797,0.000727598096484332,0.04169599115245548,0.0017385556781856458,,,,,0.013312611200301607,0.02229553303200972,0.018728343011054076,0.029227884350340474,0.010480822161846318,0.015282947342314904,,,0.010231041487304606,0.015580003830392862,,,,,,,,,,,0,0,0,16.414950524342434,16.84872164382739,2.0045797721948226e-09,7.241764795907846e-10,2.0081098427289554e-09,5.862376898538007e-10,,0,,,0,,0.00020082594524239994,-0.08074173830298426,0.004144879327221851
2025-11-11,379.9800109863281,380.3999938964844,376.8699951171875,379.8699951171875,10753200.0,46.279998779296875,46.47999954223633,45.599998474121094,46.45000076293945,19693700.0,99.45999908447266,17.280000686645508,4.119999885559082,,,,,,,,,,,,,,,,,,,,,0.003930081509220251,0.014310735021759502,,,,,0.003930081509220251,1.5445540669114926e-05,0.014310735021759502,0.00020479713686301392,,,,,0.012817168909356835,0.022253648612368473,0.018841108944930997,0.029368215140055012,0.010436011844267833,0.014887912648703589,,,0.01021106980364727,0.015226352630428376,,,,,,,,,,,0,0,0,16.19071394266031,16.795809345607953,3.6548018350074875e-10,7.231241273117872e-10,7.266656352924794e-10,6.141130021592313e-10,,0,,,0,,-0.0016074311341141012,-0.018349120606183433,0.0024300745911134403
2025-11-12,380.07000732421875,387.4599914550781,379.44000244140625,385.989990234375,16203700.0,47.099998474121094,48.70000076293945,46.88999938964844,48.31999969482422,51559700.0,99.4800033569336,17.510000228881836,4.065000057220459,,,,,,,,,,,,,,,,,,,,,0.015982361021277924,0.03946906562602681,,,,,0.015982361021277924,0.00025543586381446395,0.03946906562602681,0.0015578071413916111,,,,,0.012977652628768755,0.02220604337779083,0.021265773326096787,0.0298356069763067,0.010751027747710029,0.015486118336190865,,,0.010448912987740625,0.015723077095132397,,,,,,,,,,,0,0,0,16.60075016918616,17.75825091755441,9.86340219905202e-10,7.307291746215919e-10,7.65502235777687e-10,6.137906835772759e-10,,0,,,0,,0.00020110859840016815,0.01322235625691448,-0.013439378508365296
2025-11-13,387.2900085449219,388.17999267578125,381.2099914550781,382.8699951171875,15867900.0,48.290000915527344,48.41999816894531,47.209999084472656,47.41999816894531,39328400.0,99.18000030517578,20.0,4.111999988555908,,,,,,,,,,,,,,,,,,,,,-0.008115943871202624,-0.01880150528712976,,,,,0.008115943871202624,6.586854492051144e-05,0.01880150528712976,0.00035349660106196834,,,,,0.01276219668247713,0.02157044751557681,0.022531092314478394,0.029827598684491207,0.010799660013501574,0.015474197754778905,,,0.01056345808546703,0.015800918621960487,,,,,,,,,,,0,0,0,16.579808758605072,17.4874574621668,5.114693104445216e-10,7.21922773199801e-10,4.780643323178609e-10,6.200582171838485e-10,,0,,,0,,-0.003020268542035076,0.13296011418473785,0.011495768293620312
2025-11-14,372.8699951171875,378.20001220703125,370.8900146484375,375.9599914550781,15198000.0,45.77000045776367,46.709999084472656,45.400001525878906,45.959999084472656,31793500.0,99.2699966430664,19.829999923706055,4.1479997634887695,,,,,,,,,,,,,,,,,,,,,-0.01821276119826276,-0.03127260896324113,,,,,0.01821276119826276,0.0003317046704649456,0.03127260896324113,0.0009779760713677897,,,,,0.01429074292523268,0.021538147006947908,0.02528517966633968,0.028897818750622084,0.010313350573674029,0.013951723464406297,,,0.010214783379788138,0.014337314523212423,,,,,,,,,,,0,0,0,16.53667439821187,17.27477242434164,1.1983656532611372e-09,7.665275941400116e-10,9.836164298753246e-10,6.430236194682264e-10,,0,,,0,,0.0009069926474589707,-0.008536334869686524,0.00871670797937485
2025-11-17,374.0400085449219,375.4599914550781,368.5199890136719,371.6499938964844,13295200.0,45.810001373291016,46.2599983215332,44.95000076293945,45.470001220703125,23582000.0,99.58999633789062,22.3799991607666,4.132999897003174,,,,,,,,,,,,,,,,,,,,,-0.011530197275275711,-0.010718638377204659,,,,,0.011530197275275711,0.00013294544920677544,0.010718638377204659,0.00011488920866128453,,,,,0.014930078927556056,0.01972917143606422,0.025554999526844376,0.028701517109698257,0.010161174766369947,0.014310221312916024,,,0.010156039938697167,0.014783299846152828,,,,,,,,,,,0,0,0,16.40291362579545,16.975994267118757,8.672451166793813e-10,7.581054240124435e-10,4.545262648293045e-10,6.442995118268567e-10,,0,,,0,,0.0032183443862532357,0.12097172670021594,-0.003622722740144413
2025-11-18,374.8299865722656,375.5400085449219,371.6199951171875,374.3500061035156,7818800.0,45.869998931884766,46.439998626708984,45.59000015258789,46.099998474121094,20909400.0,99.55000305175781,24.690000534057617,4.123000144958496,,,,,,,,,,,,,,,,,,,,,0.007238670232445621,0.013760122220016768,,,,,0.007238670232445621,5.239834673409434e-05,0.013760122220016768,0.0001893409635097992,,,,,0.013521870006161415,0.013304893785901216,0.023769372915861425,0.02107510332278069,0.009143169703681776,0.013100654272882931,,,0.00934482784506901,0.013828545586977428,,,,,,,,,,,0,0,0,15.872041648061003,16.855709376588532,9.258032220347906e-10,7.430042697297219e-10,6.58083073642322e-10,6.244087737340676e-10,,0,,,0,,-0.00040166000595664997,0.09823065960309085,-0.0024224217257358127
2025-11-19,377.7799987792969,380.1700134277344,373.0299987792969,374.9599914550781,10980400.0,46.79999923706055,47.5,45.689998626708984,46.45000076293945,30797100.0,100.2300033569336,23.65999984741211,4.132999897003174,,,,,,,,,,,,,,,,,,,,,0.0016281258445651758,0.007563564781531973,,,,,0.0016281258445651758,2.6507937657410673e-06,0.007563564781531973,5.72075122044308e-05,,,,,0.013210898365744402,0.013312198633141386,0.023296050215311986,0.021103985492466726,0.00885020942222507,0.013857291820610209,,,0.009041692665096605,0.014785611562176212,,,,,,,,,,,0,0,0,16.211622423254603,17.242931087666708,1.4827564064744232e-10,7.502443360344863e-10,2.455934091694339e-10,6.343159482042899e-10,,0,,,0,,0.0068075173633452835,-0.04261247288656289,0.0024224217257358127
2025-11-20,375.2900085449219,377.69000244140625,371.8500061035156,374.8500061035156,10506500.0,46.2599983215332,46.63999938964844,45.540000915527344,45.779998779296875,28460400.0,100.16000366210938,26.420000076293945,4.105999946594238,,,,,,,,,,,,,,,,,,,,,-0.0002933685939359165,-0.01452919382493878,,,,,0.0002933685939359165,8.606513190793668e-08,0.01452919382493878,0.00021109747320263917,,,,,0.01318742021201973,0.01327372762049665,0.024100170944869218,0.021429887567128027,0.009005037287800997,0.014065525740574914,,,0.00930112577818686,0.015080592072471857,,,,,,,,,,,0,0,0,16.167504671215863,17.164024205340986,2.792258068204602e-11,7.370576814782507e-10,5.105056086681417e-10,6.459731668953331e-10,,0,,,0,,-0.0006986346146966582,0.11033544988086552,-0.0065542050190177115
2025-11-21,374.0299987792969,377.2300109863281,372.94000244140625,374.2699890136719,13194600.0,44.900001525878906,45.95000076293945,44.7599983215332,45.29999923706055,26351900.0,100.18000030517578,23.43000030517578,4.063000202178955,,,,,,,,,,,,,,,,,,,,,-0.0015485295000221555,-0.010540272212812063,,,,,0.0015485295000221555,2.397943612438867e-06,0.010540272212812063,0.0001110973383201781,,,,,0.013168831691847308,0.013259539532115464,0.024541469933095413,0.02156789543781742,0.009026562661207351,0.014403187206323574,,,0.009336677615111907,0.015469704232685297,,,,,,,,,,,0,0,0,16.395318212946993,17.087050936613974,1.1736085216847464e-10,7.302654530863512e-10,3.9998148948698436e-10,6.569986605766985e-10,,0,,,0,,0.000199627061364005,-0.12010403643720835,-0.01052763882338903
2025-11-24,374.8800048828125,380.2799987792969,374.19000244140625,380.20001220703125,10085300.0,45.40999984741211,46.63999938964844,45.36000061035156,46.630001068115234,21486800.0,100.13999938964844,20.520000457763672,4.038000106811523,,,,,,,,,,,,,,,,,,,,,0.01572002942959294,0.02893711807935251,,,,,0.01572002942959294,0.00024711932526726816,0.02893711807935251,0.0008373568027383898,,,,,0.011074244466117314,0.011990861397034815,0.022563542062605153,0.020405483835067795,0.008999451715399849,0.014242277788358772,,,0.009223216972125204,0.01492616242433424,,,,,,,,,,,0,0,0,16.126589476077243,16.8829493510629,1.5587071707924346e-09,7.485278184473418e-10,1.346739304100774e-09,6.814429922526051e-10,,0,,,0,,-0.00039937016892910293,-0.13261722293396572,-0.006172120424355221
2025-11-25,380.260009765625,382.5199890136719,378.05999755859375,380.0799865722656,10462800.0,46.54999923706055,46.77000045776367,45.970001220703125,46.66999816894531,24006600.0,99.66000366210938,18.559999465942383,4.001999855041504,,,,,,,,,,,,,,,,,,,,,-0.0003157406112368477,0.0008573870012291707,,,,,0.0003157406112368477,9.969213358421821e-08,0.0008573870012291707,7.351124698767499e-07,,,,,0.01100846216603543,0.01181784845985124,0.022132860500803733,0.020415800287095522,0.00893265732613351,0.01426915570739289,,,0.009185347061189075,0.014998635655884088,,,,,,,,,,,0,0,0,16.163336667203907,16.99383935050665,3.0177448793520636e-11,7.313639857978764e-10,3.571463685941244e-11,6.705396810526135e-10,,0,,,0,,-0.004804771207528091,-0.10039134402734184,-0.00895534640220852
2025-11-26,381.05999755859375,383.7799987792969,380.4599914550781,383.1199951171875,9184100.0,47.310001373291016,48.45000076293945,47.150001525878906,48.400001525878906,26280300.0,99.5999984741211,17.190000534057617,3.997999906539917,,,,,,,,,,,,,,,,,,,,,0.007966521739529497,0.036398324521369485,,,,,0.007966521739529497,6.346546862639609e-05,0.036398324521369485,0.0013248380279629272,,,,,0.009961963068973631,0.011801221618372486,0.021545201686306092,0.021581043764519615,0.008420241467444413,0.014322826972697175,,,0.00882313567215935,0.014861267834937459,,,,,,,,,,,0,0,0,16.032984285983947,17.08433016704064,8.674254134351213e-10,7.646926499604097e-10,1.3850041484065815e-09,7.172396448162419e-10,,0,,,0,,-0.0006022803288043832,-0.0766808481207164,-0.0009999872385286768
2025-11-28,385.9800109863281,388.0,384.989990234375,387.8800048828125,7175400.0,49.66999816894531,51.27000045776367,49.58000183105469,51.209999084472656,41350000.0,99.45999908447266,16.350000381469727,4.017000198364258,,,,,,,,,,,,,,,,,,,,,0.012347782735317558,0.05643496234754819,,,,,0.012347782735317558,0.00015246773847860635,0.05643496234754819,0.003184904975169182,,,,,0.010373224657240844,0.011369427436042363,0.026704607389754925,0.024052369465649443,0.008210181066292819,0.014759902009164277,,,0.00872753244686575,0.014993854385403668,,,,,,,,,,,0,0,0,15.786169067184954,17.537582979433974,1.7208493931094516e-09,7.850774647245224e-10,1.3648116649951195e-09,7.436901770015418e-10,,0,,,0,,-0.0014066051888717013,-0.05009992978793765,0.004741192056839205
2025-12-01,390.6099853515625,390.70001220703125,388.05999755859375,389.75,11177100.0,51.9900016784668,53.36000061035156,51.61000061035156,52.52000045776367,66064100.0,99.41000366210938,17.239999771118164,4.0960001945495605,,,,,,,,,,,,,,,,,,,,,0.004809481913079061,0.02525925055402567,,,,,0.004809481913079061,2.3131116272234627e-05,0.02525925055402567,0.0006380297385510461,,,,,0.007795995416263362,0.011230127559150847,0.023307932517578477,0.024114870717696243,0.008043127643656743,0.015305041347463607,,,0.0085495089359909,0.01573941039243884,,,,,,,,,,,0,0,0,16.229377600272343,18.006136040790565,4.302978333448803e-10,7.820148201896175e-10,3.823445797948609e-10,7.45280307312239e-10,,0,,,0,,-0.0005027950191180963,0.053004331284594475,0.01947553047631856
2025-12-02,388.8699951171875,388.9800109863281,382.9100036621094,387.239990234375,8103900.0,52.83000183105469,53.20000076293945,51.77000045776367,53.130001068115234,43952700.0,99.36000061035156,16.59000015258789,4.085999965667725,,,,,,,,,,,,,,,,,,,,,-0.006460877304548696,0.011547702416075278,,,,,0.006460877304548696,4.174293554443242e-05,0.011547702416075278,0.00013334943109023081,,,,,0.006804438021911035,0.011421231097232119,0.021766569589968587,0.023874892035197905,0.008228732699796413,0.01554542769051864,,,0.008771688527791054,0.016117860881715903,,,,,,,,,,,0,0,0,15.907855985249133,17.598624613655602,7.972553097334241e-10,8.095311272968676e-10,2.6273021716698357e-10,7.425455913512909e-10,,0,,,0,,-0.0005031247344957634,-0.03843213855940286,-0.0024444472416433882
2025-12-03,388.4599914550781,390.1300048828125,385.8299865722656,386.8800048828125,7886800.0,52.9900016784668,53.38999938964844,52.41999816894531,53.06999969482422,33817700.0,98.8499984741211,16.079999923706055,4.057000160217285,,,,,,,,,,,,,,,,,,,,,-0.0009300505859091146,-0.001129969477293269,,,,,0.0009300505859091146,8.649940923498873e-07,0.001129969477293269,1.2768310196144233e-06,,,,,0.006876943849224393,0.010440818949146979,0.022404019841491558,0.022727617771488934,0.008206434207519934,0.015468577902061357,,,0.008735616290349095,0.01604313990446255,,,,,,,,,,,0,0,0,15.88070103387425,17.33649489202573,1.179249614430586e-10,7.388576857468811e-10,3.3413551994762176e-11,7.000153202777821e-10,,0,,,0,,-0.005146090147678528,-0.031223854393763517,-0.007122664277137591
2025-12-04,386.9200134277344,388.0,385.3999938964844,387.1300048828125,6754400.0,52.279998779296875,52.36000061035156,51.13999938964844,51.7599983215332,48740300.0,98.98999786376953,15.779999732971191,4.107999801635742,,,,,,,,,,,,,,,,,,,,,0.0006459865002765852,-0.02499417332459508,,,,,0.0006459865002765852,4.1729855853959066e-07,0.02499417332459508,0.0006247087001799004,,,,,0.006910284796928962,0.010271839120997817,0.025594661068094996,0.023936590112394053,0.008206836225975359,0.015730903689550695,,,0.00873593293755189,0.016341934095857165,,,,,,,,,,,0,0,0,15.725704702337428,17.702016761251134,9.563936105006887e-11,6.748494149288875e-10,5.128030259271093e-10,6.605442805484664e-10,,0,,,0,,0.0014152791711312673,-0.018832960510421604,0.012492420063127563
2025-12-05,389.1199951171875,391.739990234375,386.17999267578125,386.44000244140625,9449800.0,52.709999084472656,53.81999969482422,52.529998779296875,52.95000076293945,43566000.0,98.98999786376953,15.40999984741211,4.138999938964844,,,,,,,,,,,,,,,,,,,,,-0.0017839435807109894,0.02273046869132278,,,,,0.0017839435807109894,3.182454699159946e-06,0.02273046869132278,0.0005166742069272051,,,,,0.007009237503014326,0.01028441540973912,0.024165914758911285,0.023995507592465472,0.008331310075948407,0.015935414353261908,,,0.008855421546793347,0.01660604973153705,,,,,,,,,,,0,0,0,16.0615041352248,17.58978758759044,1.887810938550011e-10,6.755725840839599e-10,5.217478926530501e-10,6.794451673607455e-10,,0,,,0,,0.0,-0.023726659065600675,0.007517954241238467
2025-12-08,387.0199890136719,387.239990234375,384.010009765625,385.4200134277344,6822100.0,52.88999938964844,52.970001220703125,52.2599983215332,52.709999084472656,19711200.0,99.08999633789062,16.65999984741211,4.171999931335449,,,,,,,,,,,,,,,,,,,,,-0.0026429393579938676,-0.004542912958116929,,,,,0.0026429393579938676,6.985128450033037e-06,0.004542912958116929,2.0638058145026708e-05,,,,,0.007096925825586909,0.010318378838696404,0.02354037359523997,0.02420813578140754,0.008279499168805288,0.015885957533971005,,,0.008770031704332238,0.016536462500683954,,,,,,,,,,,0,0,0,15.735677900311224,16.79669756007623,3.8740847510207527e-10,6.673654506088801e-10,2.304736879599887e-10,6.653215515823567e-10,,0,,,0,,0.0010096777619503783,0.0779939881496099,0.007941322659858585
2025-12-09,385.6199951171875,388.2099914550781,385.2699890136719,387.3999938964844,6358700.0,53.38999938964844,55.189998626708984,53.36000061035156,55.16999816894531,59738900.0,99.22000122070312,16.93000030517578,4.185999870300293,,,,,,,,,,,,,,,,,,,,,0.005124051608821567,0.04561412059704528,,,,,0.005124051608821567,2.625590488986689e-05,0.04561412059704528,0.0020806479978417907,,,,,0.005611673816739238,0.008574486519135569,0.025160627581945063,0.024499717610245716,0.008226741434040447,0.016322042531184265,,,0.008724198472578092,0.016605451639285174,,,,,,,,,,,0,0,0,15.66533451190754,17.90549395745918,8.058332062876951e-10,6.074281223135238e-10,7.635580935880186e-10,6.0309396412531e-10,,0,,,0,,0.0013111280624960031,0.016076586591024622,0.0033500723595438764
2025-12-10,385.95001220703125,389.760009765625,384.5,389.04998779296875,9120500.0,55.130001068115234,56.220001220703125,54.47999954223633,56.06999969482422,54915000.0,98.79000091552734,15.770000457763672,4.164000034332275,,,,,,,,,,,,,,,,,,,,,0.004250103468606881,0.01618161059779588,,,,,0.004250103468606881,1.8063379493864237e-05,0.01618161059779588,0.0002618445215387,,,,,0.005599262302988947,0.008580189388651502,0.024539560117550027,0.02452334552874133,0.00833313514403749,0.01666267928239558,,,0.008793155791962038,0.016913186508252492,,,,,,,,,,,0,0,0,16.026035185109105,17.821297093204585,4.65994569223933e-10,6.124538415996831e-10,2.9466649545289775e-10,5.814940071333308e-10,,0,,,0,,-0.004343224852105365,-0.07097778416833789,-0.005269434041899057
2025-12-11,389.0199890136719,394.0899963378906,388.5,393.239990234375,11240600.0,56.77000045776367,58.29999923706055,56.470001220703125,57.619998931884766,67910900.0,98.3499984741211,14.850000381469727,4.140999794006348,,,,,,,,,,,,,,,,,,,,,0.010712248978542505,0.02726880642633489,,,,,0.010712248978542505,0.00011475227817828493,0.02726880642633489,0.000743587803916923,,,,,0.005961814803335558,0.008173401774292297,0.02395638920117244,0.023879601583181333,0.008076648952466724,0.016435280903187764,,,0.00859362800636623,0.01685191370469666,,,,,,,,,,,0,0,0,16.235042781788035,18.03370710983679,9.529961904651447e-10,6.107866401276801e-10,4.0153799207984125e-10,5.632957949484386e-10,,0,,,0,,-0.004463865003506484,-0.06010953906554084,-0.005538904179221538
2025-12-12,399.1600036621094,400.3900146484375,391.4700012207031,395.44000244140625,16792100.0,58.529998779296875,58.560001373291016,55.130001068115234,56.099998474121094,78667400.0,98.4000015258789,15.739999771118164,4.193999767303467,,,,,,,,,,,,,,,,,,,,,0.0055789875076310835,-0.02673392578976852,,,,,0.0055789875076310835,3.112510161030369e-05,0.02673392578976852,0.0007147027881328504,,,,,0.0050471094163870986,0.007946134495096692,0.02334213701394718,0.024421907609629916,0.008274423973389091,0.018007406111728953,,,0.008898589100304619,0.018185358572913885,,,,,,,,,,,0,0,0,16.636419095681642,18.180739396312223,3.3223882109033913e-10,6.01825115659971e-10,3.3983487174825303e-10,5.563843219199582e-10,,0,,,0,,0.0005082902448219073,0.058205337510938815,0.012717622178004762
2025-12-15,397.760009765625,398.7099914550781,394.07000732421875,395.79998779296875,11345000.0,57.84000015258789,58.20000076293945,57.02000045776367,58.11000061035156,43227800.0,98.1500015258789,16.5,4.182000160217285,,,,,,,,,,,,,,,,,,,,,0.0009099271544501519,0.03520199126101353,,,,,0.0009099271544501519,8.279674264057506e-07,0.03520199126101353,0.001239180188740473,,,,,0.004949642849107991,0.006443055495759347,0.02429816030884616,0.023232281538810285,0.008004213447544553,0.017811244899791853,,,0.008598329566934333,0.01791310622767598,,,,,,,,,,,0,0,0,16.24428767619608,17.581994364763602,8.02051259982505e-11,5.459170892968267e-10,8.143368679649099e-10,5.479203438244375e-10,,0,,,0,,-0.0025438832962398905,0.04715515245869062,-0.002865237678923993
2025-12-16,397.75,398.7099914550781,394.5899963378906,395.8900146484375,9201600.0,57.61000061035156,57.9900016784668,57.099998474121094,57.72999954223633,32461300.0,98.1500015258789,16.479999542236328,4.14900016784668,,,,,,,,,,,,,,,,,,,,,0.000227429563539161,-0.0065608154469440905,,,,,0.000227429563539161,5.1724206371613266e-08,0.0065608154469440905,4.3044299328860184e-05,,,,,0.004132815334828984,0.005565284379498358,0.024848029079650686,0.023038641896632742,0.007728900498898642,0.017512063703397997,,,0.008264127929430997,0.01752761265205297,,,,,,,,,,,0,0,0,16.034887939941626,17.295559168540205,2.471630624447498e-11,5.037906487750814e-10,2.0211191316872985e-10,5.352996262414088e-10,,0,,,0,,0.0,-0.0012128842021312813,-0.007922257512143371
2025-12-17,398.0799865722656,399.9800109863281,397.25,399.2900085449219,10456900.0,59.27000045776367,60.63999938964844,59.04999923706055,60.2599983215332,65128000.0,98.37000274658203,17.6200008392334,4.151000022888184,,,,,,,,,,,,,,,,,,,,,0.008551559438576106,0.04289154470495493,,,,,0.008551559438576106,7.312916883150009e-05,0.04289154470495493,0.0018396846071771474,,,,,0.004410875150601496,0.005623375586767505,0.02681287480005911,0.024058345294852023,0.007654811874158112,0.01769886640259222,,,0.008159017457930236,0.017649890911552613,,,,,,,,,,,0,0,0,16.16277260556283,17.99186512223595,8.177910698750209e-10,4.98390041167093e-10,6.585730362509969e-10,5.353241243718424e-10,,0,,,0,,0.002238971176730331,0.06688717143321998,0.0004818927793368566
2025-12-18,398.2799987792969,402.2099914550781,396.04998779296875,398.57000732421875,11837600.0,59.81999969482422,60.029998779296875,58.58000183105469,59.31999969482422,47603400.0,98.43000030517578,16.8700008392334,4.116000175476074,,,,,,,,,,,,,,,,,,,,,-0.0018048314286414069,-0.015721993723244232,,,,,0.0018048314286414069,3.257416485811782e-06,0.015721993723244232,0.000247181086633731,,,,,0.00462863046594206,0.005726133723297123,0.025492109486466533,0.02490387308665365,0.007510610609706903,0.017228242088760566,,,0.008038160008681938,0.016984081303082973,,,,,,,,,,,0,0,0,16.286791464170463,17.678414745222177,1.5246599214717568e-10,4.985995587420796e-10,3.30270395039939e-10,5.395579736653678e-10,,0,,,0,,0.0006097312959569834,-0.04349772183265843,-0.00846741398032469
2025-12-19,397.9200134277344,400.6300048828125,397.1700134277344,399.0199890136719,9894800.0,59.790000915527344,61.15999984741211,59.689998626708984,60.93000030517578,42610000.0,98.5999984741211,14.90999984741211,4.151000022888184,,,,,,,,,,,,,,,,,,,,,0.0011283535131116906,0.026779157143868915,,,,,0.0011283535131116906,1.2731816505514941e-06,0.026779157143868915,0.0007171232573360255,,,,,0.004385554958296431,0.005691119643712732,0.025684080744372798,0.024272882123845586,0.007306629241342303,0.0172398781724889,,,0.0077653988756453554,0.01685900996245978,,,,,,,,,,,0,0,0,16.107519924586136,17.567599525476094,1.1403499950597188e-10,5.029051796832759e-10,6.284711838504791e-10,5.454562524244846e-10,,0,,,0,,0.0017256073915898895,-0.1235048277622477,0.00846741398032469
2025-12-22,406.9800109863281,408.5199890136719,405.7200012207031,408.2300109863281,14202100.0,62.599998474121094,62.81999969482422,61.7400016784668,62.470001220703125,50621700.0,98.29000091552734,14.079999923706055,4.169000148773193,,,,,,,,,,,,,,,,,,,,,0.022819254559299118,0.024960791777075997,,,,,0.022819254559299118,0.0005207183786420936,0.024960791777075997,0.0006230411261385447,,,,,0.007140362816643038,0.007077598319272771,0.024997938783658663,0.023651318161538815,0.007202827118354703,0.017035863569909465,,,0.007618385885147527,0.016612287073801347,,,,,,,,,,,0,0,0,16.468900398961182,17.739890896081146,1.606752139422981e-09,5.773747440460011e-10,4.930848189032766e-10,5.501114188952993e-10,,0,,,0,,-0.0031489442400545187,-0.05727677323142499,0.004326959999443769
2025-12-23,410.29998779296875,413.760009765625,407.1000061035156,413.6400146484375,13193300.0,63.68000030517578,64.87999725341797,62.369998931884766,64.83999633789062,75680000.0,97.94000244140625,14.0,4.169000148773193,,,,,,,,,,,,,,,,,,,,,0.013165297757330663,0.037236179342195364,,,,,0.013165297757330663,0.00017332506503917578,0.037236179342195364,0.0013865330520041368,,,,,0.007505526740923815,0.00688179774984167,0.024054543679254796,0.023959757843609118,0.007206194880634287,0.01744501440586875,,,0.007789275101720413,0.01740136050462082,,,,,,,,,,,0,0,0,16.395219682938844,18.142024482707896,9.978775406706936e-10,5.493332625399142e-10,4.9202139722774e-10,5.073755235516475e-10,,0,,,0,,-0.003567230691348122,-0.005698015696034009,0.0
2025-12-24,412.25,412.6300048828125,408.8299865722656,411.92999267578125,6718400.0,65.08000183105469,65.52999877929688,63.61000061035156,65.22000122070312,58826000.0,97.9800033569336,13.470000267028809,4.136000156402588,,,,,,,,,,,,,,,,,,,,,-0.004142651508748152,0.005843548689568934,,,,,0.004142651508748152,1.716156152293334e-05,0.005843548689568934,3.41470612873628e-05,,,,,0.008226381432587299,0.00706516136303084,0.024274199724477877,0.023814099922241,0.007140898625467173,0.01774564451279159,,,0.007704985002292844,0.01781887492552688,,,,,,,,,,,0,0,0,15.720360588912065,17.89009449200822,6.166128108996415e-10,5.786550306452202e-10,9.93361556041365e-11,5.105565994888837e-10,,0,,,0,,0.0004083392701028643,-0.038592319369020966,-0.00794705956317543
2025-12-26,416.4800109863281,418.45001220703125,414.75,416.739990234375,10476200.0,67.83000183105469,71.2300033569336,67.3499984741211,71.12000274658203,139161200.0,98.0199966430664,13.600000381469727,4.136000156402588,,,,,,,,,,,,,,,,,,,,,0.011609088487158914,0.08660244074675827,,,,,0.011609088487158914,0.00013477093550268564,0.08660244074675827,0.007499982743295777,,,,,0.00829155062905227,0.007217461638981669,0.03318908912488714,0.02823219831049452,0.007145180604275868,0.018924689450650414,,,0.007746321820519443,0.01855105656871531,,,,,,,,,,,0,0,0,16.16461657568371,18.751143531378414,1.1081392572840262e-09,5.906907228376654e-10,6.223174329249695e-10,4.724222637148031e-10,,0,,,0,,0.00040809476212100293,0.009604810545013276,0.0
2025-12-29,403.6600036621094,403.760009765625,395.3299865722656,398.6000061035156,20679200.0,65.66000366210938,66.48999786376953,63.91999816894531,66.01000213623047,153207900.0,98.04000091552734,14.199999809265137,4.116000175476074,,,,,,,,,,,,,,,,,,,,,-0.04450407961760128,-0.07456235176172665,,,,,0.04450407961760128,0.0019806131026097935,0.07456235176172665,0.005559544300239461,,,,,0.01794681457340175,0.012844181928870272,0.04287357746466136,0.03379690551366122,0.007615015787192231,0.01912866111798731,,,0.008186055517205158,0.019296715102176242,,,,,,,,,,,0,0,0,16.844638922136692,18.847306380520887,2.1521180518395914e-09,6.122541557741724e-10,4.866743279016725e-10,4.2851539686013077e-10,,0,,,0,,0.00020406276424989045,0.04317213038393142,-0.004847314416593029
2025-12-30,403.6000061035156,403.79998779296875,398.55999755859375,398.8900146484375,10179000.0,69.11000061035156,70.76000213623047,68.02999877929688,68.9800033569336,117759200.0,98.23999786376953,14.329999923706055,4.130000114440918,,,,,,,,,,,,,,,,,,,,,0.0007273032894685727,0.044010378111106974,,,,,0.0007273032894685727,5.289700748718064e-07,0.044010378111106974,0.001936913381482604,,,,,0.01794677860559868,0.012818943262869236,0.04339315652726626,0.03441821075107599,0.00776119363102373,0.019333130534694338,,,0.00821947678835863,0.01962610220250958,,,,,,,,,,,0,0,0,16.135837332434477,18.584152419443505,7.145134978569336e-11,5.94311831596213e-10,3.7373197262810015e-10,4.280847665017927e-10,,0,,,0,,0.0020378746555991256,0.009113285340826671,0.003395574078133068
2025-12-31,398.6000061035156,400.1300048828125,395.5899963378906,396.30999755859375,10194700.0,65.54000091552734,66.87999725341797,63.529998779296875,64.41999816894531,114745300.0,98.27999877929688,14.949999809265137,4.163000106811523,,,,,,,,,,,,,,,,,,,,,-0.006488999253824623,-0.06839254069465817,,,,,0.006488999253824623,4.210711131613652e-05,0.06839254069465817,0.004677539622670473,,,,,0.018094727498107095,0.012819824583492343,0.05090234702389489,0.0390085490895073,0.0076238712089749215,0.02019907639620271,,,0.008020632556004773,0.02067659291488252,,,,,,,,,,,0,0,0,16.137378535368427,18.558225447460437,6.365071315315431e-10,5.86274422686119e-10,5.960378394117944e-10,4.447501476140333e-10,,0,,,0,,0.0004070925784969148,0.04235605056250158,0.007958559187575709
2026-01-02,401.6199951171875,401.82000732421875,396.25,398.2799987792969,10372600.0,67.30000305175781,67.36000061035156,64.75,65.75,75553300.0,98.41999816894531,14.510000228881836,4.186999797821045,,,,,,,,,,,,,,,,,,,,,0.004958545328225483,0.020435555578520948,,,,,0.004958545328225483,2.4587171772066765e-05,0.020435555578520948,0.00041761193180281863,,,,,0.01794343404556087,0.012836963918361607,0.04982122220035297,0.038993402297034935,0.007708572504724224,0.020738908476961318,,,0.008068748619622345,0.021159294290078196,,,,,,,,,,,0,0,0,16.154678272020007,18.140348925411423,4.780426631920139e-10,6.042803077735668e-10,2.7047866312286754e-10,4.5660340317043853e-10,,0,,,0,,0.0014234816010221252,-0.029873204408338516,0.005748444879515979
2026-01-05,406.3900146484375,409.7200012207031,406.1499938964844,408.760009765625,13410600.0,69.44999694824219,70.5999984741211,68.5199966430664,69.08000183105469,103313300.0,98.2699966430664,14.899999618530273,4.164999961853027,4361.45,4453.0,4361.45,4437.77,4452.7880000000005,62200.0,,,,,,,,,,,,,,,0.02597293817991453,0.0494056087268957,,,,,0.02597293817991453,0.0006745935176976618,0.0494056087268957,0.0024409141736751127,,,,,0.01973701468242983,0.013953904346888535,0.05052309697531989,0.03895656323923272,0.00774519286408018,0.020885541733699282,,,0.008077242047269869,0.02139055665328361,,,,,,,,,,,1,1,1,16.41155599698624,18.45327667701221,1.9367469151204664e-09,6.963356854770867e-10,4.782115054585973e-10,4.5487382714701287e-10,,0,,,0,,-0.0015252586193081896,0.026523104679246234,-0.0052681722898291206
2026-01-06,410.6700134277344,413.4800109863281,410.30999755859375,413.17999267578125,11640900.0,71.43000030517578,73.83999633789062,71.3499984741211,73.70999908447266,105539100.0,98.58000183105469,14.75,4.178999900817871,4437.77,4499.75,4423.31,4492.26,4473.342,53314.0,,,,,,,,,,,,,0.01220391785696151,,0.010755105002162146,0.06487318299576117,0.01220391785696151,0.000148935611059464,,,0.010755105002162146,0.00011567228360753322,0.06487318299576117,0.004208529872001516,,,,,0.019895487592121265,0.014022489592016199,0.05287201956014222,0.04053671384647318,0.007574375654830313,0.021137927232549085,,,0.00786254039742264,0.02129763610950869,,,,,,,,,-0.001448812854799364,,1,1,1,16.27003531686619,18.474592058332952,9.239066568875384e-10,7.330919636287135e-10,6.146838754145257e-10,4.595206262850867e-10,,0,,,0,,0.003149661637507961,-0.010118104563589192,0.0033556932724492228
2026-01-07,408.6300048828125,410.80999755859375,406.6499938964844,409.2300109863281,10589500.0,69.81999969482422,71.55000305175781,69.22000122070312,70.95999908447266,93679500.0,98.68000030517578,15.380000114440918,4.138000011444092,4490.42,4492.59,4424.42,4465.97,5570.181,45504.0,,,,,,,,,,,,,-0.005869479903038766,,-0.009605943617543744,-0.038022137681227086,0.005869479903038766,3.445079433217596e-05,,,0.009605943617543744,9.227415278342939e-05,0.038022137681227086,0.0014456829538501887,,,,,0.01901763884394997,0.014263361389327666,0.0557609601254895,0.04211371868353908,0.007614072114582562,0.02152426259234363,,,0.00793380532530416,0.021716266186938595,,,,,,,,,0.0037364637145049784,,1,1,1,16.175373502109792,18.35538993992096,9.07119657919991e-10,7.590775227696093e-10,4.0587468636390125e-10,4.682906762052823e-10,,0,,,0,,0.0010138749022026161,0.04182488873256096,-0.009859377643357536
2026-01-08,406.9700012207031,411.6400146484375,406.3999938964844,411.489990234375,8705900.0,67.23999786376953,69.7699966430664,66.91999816894531,69.70999908447266,77918300.0,98.93000030517578,15.449999809265137,4.183000087738037,4465.76,4478.98,4410.01,4474.33,5599.332,45806.0,78.86,79.73,73.01,76.85,179508.031,44442.0,,,,,,,0.001870183872275888,,0.005507322733438791,-0.017772558734368005,0.001870183872275888,3.4975877161208344e-06,,,0.005507322733438791,3.0330603690251715e-05,0.017772558734368005,0.0003158638439665605,,,,,0.018588896243101113,0.014266626440392203,0.055789533004258825,0.04206299766508211,0.007738978051942375,0.02177513325935545,,,0.007978537204468164,0.021961152544777877,,,,,,,,,0.003637138861162903,,1,1,1,15.979511514697146,18.171171399812096,6.32596599253241e-10,7.504156924178866e-10,2.280922290959634e-10,4.415173829806796e-10,,0,,,0,,0.0025302376661597847,0.004541019480066133,0.010816131346007785
2026-01-09,413.2200012207031,415.2900085449219,411.79998779296875,414.4700012207031,14011200.0,71.30999755859375,72.98999786376953,70.87000274658203,72.37999725341797,90650100.0,99.12999725341797,14.489999771118164,4.171000003814697,4474.48,4510.54,4453.0,4500.62,6406.653,48518.0,76.85,80.53,75.78,79.86,286691.483,73455.0,-1.209e-05,4481.690112258,0.00022878399999999997,78.448840838,,,0.005858545216394617,0.0384196316504708,0.007215903791294664,0.03758621382396132,0.005858545216394617,3.432255205254025e-05,0.0384196316504708,0.0014760680961578576,0.007215903791294664,5.206926752522071e-05,0.03758621382396132,0.0014127234696205413,,,,,0.018689772393447747,0.014295509577729787,0.05659828889712612,0.042453618482947125,0.007605711476907138,0.021725542952708787,,,0.007866517626475533,0.021921185040213665,,,,,,,,,0.0013573585749000472,-0.0008334178265094749,1,1,1,16.4553675677501,18.322517598308487,5.150096916248904e-10,7.528664485379344e-10,4.1462959030338987e-10,4.4751553772320424e-10,,0,,,0,,0.002019559918039704,-0.06415025046171285,-0.0028728973055840434
2026-01-12,421.5199890136719,425.739990234375,421.5199890136719,422.2300109863281,20904100.0,76.11000061035156,78.18000030517578,76.0,77.2300033569336,105429600.0,98.86000061035156,15.119999885559082,4.186999797821045,4536.82,4628.16,4532.83,4600.86,10486.039,86034.0,81.64,86.35,81.56,84.52,773362.815,129842.0,7.540666666666667e-05,4584.3114471,0.0004953316666666666,84.06428510333333,,,0.022028077479031793,0.05671309111278067,0.01854961673678268,0.06485804585897892,0.022028077479031793,0.0004852361974222277,0.05671309111278067,0.0032163747035665615,0.01854961673678268,0.00034408828108152816,0.06485804585897892,0.004206566112645412,,,,,0.01926348197474213,0.014617095633363015,0.05368901602394444,0.043935630493877026,0.0074803634070626825,0.021635148974380927,,,0.007839280874428672,0.02180020428179664,,,,,,,,,-0.003478460742249112,0.008144954746198252,1,0,1,16.855455869944585,18.473553989559402,8.873673938023011e-10,7.495850087047923e-10,6.151787150760215e-10,4.5819757387301324e-10,8.749666666666667e-05,0,,0.00026654766666666665,0,,-0.0027273782852246242,0.042559622645800044,0.003828622620313693
2026-01-13,424.5899963378906,426.1199951171875,420.07000732421875,421.6300048828125,16681200.0,80.02999877929688,80.80000305175781,77.86000061035156,78.5999984741211,140656900.0,99.12999725341797,15.979999542236328,4.171000003814697,4601.13,4634.85,4572.41,4601.74,8767.294,102391.0,84.57,89.17,83.54,88.01,907359.568,165236.0,5.2054999999999995e-05,4598.89296664,0.000172045,86.24150559166667,,,0.00019125029941058358,0.0404622516378641,-0.0014220515093619213,0.017583653974067026,0.00019125029941058358,3.657667702463787e-08,0.0404622516378641,0.001637193807605836,0.0014220515093619213,2.0222304952785185e-06,0.017583653974067026,0.0003091848870797231,,,,,0.010866715813957782,0.014649905858749385,0.045122330382937746,0.04284279067125709,0.0071055784435697005,0.020667756899573286,,,0.007390809507851945,0.021141601769144834,,,,,,,,,0.0012308012099513377,-0.022878597663797073,1,0,1,16.629792894753184,18.76183414964209,8.524875364853376e-11,7.37235505332702e-10,1.250109591073529e-10,4.474563782409682e-10,-2.3351666666666675e-05,0,,-0.00032328666666666664,0,,0.0027273782852246242,0.0553195485095479,-0.003828622620313693
2026-01-14,426.0299987792969,426.8599853515625,422.8399963378906,425.94000244140625,18305500.0,83.33999633789062,84.77999877929688,81.27999877929688,84.55999755859375,177419400.0,99.12999725341797,16.75,4.139999866485596,4602.36,4645.15,4601.1,4619.36,10453.642,115568.0,88.02,93.81,87.64,92.32,1469474.992,213245.0,5e-05,4625.048609675,0.00011196166666666668,90.69024383833333,,,0.0038216745172032773,0.04781035837406922,0.010170333239524432,0.07308963266815827,0.0038216745172032773,1.4605196115440903e-05,0.04781035837406922,0.0022858303678569307,0.010170333239524432,0.00010343567820297552,0.07308963266815827,0.005342094403566308,,,,,0.01080471466634176,0.01471967695983928,0.04787668959376906,0.04450193539197865,0.007045055639121752,0.021251909458024344,,,0.007342155469295162,0.02184614002355935,,,,,,,,,0.006348658722321154,0.02527927429408905,1,0,1,16.7227121191047,18.994026979245113,5.555889344472662e-10,7.610046957551528e-10,4.119596429035284e-10,4.2733751698789905e-10,-2.054999999999993e-06,0,,-6.0083333333333335e-05,0,,0.0,0.04706034657898428,-0.007460060542017866
2026-01-15,423.0199890136719,425.05999755859375,422.7900085449219,423.3299865722656,14253200.0,80.73999786376953,84.33000183105469,80.54000091552734,83.31999969482422,160702100.0,99.31999969482422,15.84000015258789,4.159999847412109,4619.36,4627.0,4585.04,4613.95,8872.501,100471.0,92.34,93.12,86.55,91.45,2069534.854,246856.0,0.00012694166666666666,4613.046401611667,0.0002287783333333333,90.69663655833334,,,-0.00117184425067407,-0.009468427922914913,-0.006146511992686676,-0.014772699960025726,0.00117184425067407,1.3732189478378728e-06,0.009468427922914913,8.965112733143481e-05,0.006146511992686676,3.777960967624114e-05,0.014772699960025726,0.0002182326641089441,,,,,0.010759198607989438,0.014866393521093046,0.03901410308785848,0.04478479919928262,0.00694292513709461,0.022033203370041457,,,0.0072346921389120225,0.022474651913205215,,,,,,,,,0.004974667742012606,0.005304272037110813,1,0,1,16.472492000872304,18.895062898450607,4.312373356640387e-10,7.813307472261309e-10,9.192599200648732e-11,4.21828220929787e-10,7.694166666666666e-05,0,,0.00011681666666666663,0,,0.0019148652293781154,-0.0558598622517219,0.004819282006023329
2026-01-16,422.79998779296875,424.79998779296875,417.0400085449219,421.2900085449219,20951600.0,80.33000183105469,81.5199966430664,78.75,81.0199966430664,132767200.0,99.38999938964844,15.859999656677246,4.230999946594238,4613.95,4620.0,4540.03,4595.4,11652.29,117070.0,91.48,92.14,87.12,90.1,1447870.189,174057.0,8.195333333333333e-05,4601.425617205,0.000118155,90.24001018166666,,,-0.004028519947070208,-0.014872210222582893,-0.00483053208751727,-0.027992616388925917,0.004028519947070208,1.6228972963942552e-05,0.014872210222582893,0.00022118263690469912,0.00483053208751727,2.333404024853395e-05,0.027992616388925917,0.0007835865722975639,,,,,0.011353588185054626,0.014921046861564816,0.042586014758407446,0.045538522015247995,0.00731354320890925,0.022232466853629517,,,0.007719858786383222,0.022830353282589148,,,,,,,,,0.0008020121404470615,0.013120406166343024,1,0,1,16.85772557373124,18.704107776548252,2.3055671583636904e-10,7.519690295241983e-10,2.1083984891543934e-10,3.9944156156300914e-10,-4.498833333333333e-05,0,,-0.00011062333333333331,0,,0.0007045412716246702,0.0012617985402640919,0.016923321522049006
2026-01-20,436.69000244140625,438.1400146484375,434.1000061035156,437.2300109863281,21308100.0,86.19000244140625,86.33000183105469,84.37999725341797,85.38999938964844,101272300.0,98.63999938964844,20.09000015258789,4.295000076293945,4668.39,4790.14,4661.54,4778.92,16373.371,125309.0,93.76,96.0,92.74,94.94,1385068.732,150947.0,5.288833333333333e-05,4715.8656549550005,0.0002557983333333333,94.31527428333334,,,0.039158776390696204,0.05232494850887992,0.03713794462564746,0.05253299443055415,0.039158776390696204,0.0015334097684165464,0.05232494850887992,0.002737900236456935,0.03713794462564746,0.0013792269310176567,0.05253299443055415,0.002759715503840633,0.013838633030585436,,,,0.01385193209587911,0.016735392822004043,0.0428295313558325,0.04568798340256403,0.007123183891788956,0.022201672067478345,,,0.007467743147555458,0.02278177481954696,,,,,,,,,-0.0020208317650487473,0.00020804592167422697,1,0,0,16.874597840081037,18.433323486613713,1.742902681405074e-09,8.314908639870932e-10,5.187301407250961e-10,4.0886454884726697e-10,-2.9064999999999994e-05,0,,0.00013764333333333333,0,,-0.007574646170517063,0.2364219918624415,0.015013214084212745
2026-01-21,446.8699951171875,448.0,437.1099853515625,443.6000061035156,38830200.0,85.5999984741211,85.9000015258789,81.88999938964844,83.95999908447266,141683900.0,98.76000213623047,16.899999618530273,4.252999782562256,4778.96,4889.61,4755.59,4778.28,33128.221,201143.0,94.96,95.55,90.36,91.13,1935207.171,180219.0,2.2688333333333334e-05,4828.637288978333,0.000145845,93.95077102166665,,,-0.00013393044007870003,-0.04095805461513624,0.014463871678662699,-0.016888506723598873,0.00013393044007870003,1.793736277967426e-08,0.04095805461513624,0.001677562237856483,0.014463871678662699,0.00020920358393682092,0.016888506723598873,0.00028522165935304433,0.013913161365827247,,,,0.014020211117184884,0.016853825858621274,0.0413435678674752,0.04629649092200571,0.007765543737924486,0.022879167318823026,,,0.0082541462109826,0.023685684883254583,,,,,,,,,0.014329941238583999,-0.02406954789153737,1,0,0,17.474708852351295,18.769109077881,3.72490269910088e-10,8.44413627507299e-10,1.191984884916273e-10,3.8340091407932444e-10,-3.02e-05,0,,-0.00010995333333333333,0,,0.0012158334390806047,-0.1729085870652045,-0.009827008053889807
2026-01-22,443.8399963378906,452.9800109863281,443.55999755859375,451.7900085449219,19251200.0,84.79000091552734,87.5199966430664,84.70999908447266,87.12999725341797,86965000.0,98.36000061035156,15.640000343322754,4.249000072479248,4778.09,4959.49,4771.55,4956.35,20759.499,150222.0,91.14,96.97,90.99,96.95,1439520.274,102967.0,-1.3916666666666665e-06,4835.7899564516665,5e-05,93.96303426666667,,,0.036588933630159914,0.061908323180625224,0.018294219779694032,0.03706074067228471,0.036588933630159914,0.001338750064192247,0.061908323180625224,0.0038326404790367387,0.018294219779694032,0.00033467847734774833,0.03706074067228471,0.0013734984991783381,0.016131629609875832,,,,0.013069277069670562,0.01663515493570912,0.037701309459152677,0.046497951856209356,0.008210652909859294,0.02317839891236422,,,0.008490175460572532,0.02378836404947857,,,,,,,,,-0.018294713850465882,-0.024847582508340516,1,0,0,16.773083954417494,18.28101629682439,9.502898406174177e-10,8.115905125670209e-10,4.2615696742695e-10,3.80054521505508e-10,-2.408e-05,0,,-9.5845e-05,0,,-0.004058462554227482,-0.07748184228810695,-0.0009408869551330579
2026-01-23,454.1099853515625,458.75,453.45001220703125,458.0,21531900.0,90.19000244140625,92.9800033569336,89.66999816894531,92.91000366210938,143739100.0,97.5999984741211,16.09000015258789,4.238999843597412,4956.36,4993.0,4900.39,4989.88,24589.845,172207.0,96.95,104.39,96.65,104.14,2656578.934,186695.0,3.799666666666667e-05,4954.784893101667,8.844666666666665e-05,99.24346407333333,,,0.0067422786358317666,0.07154076604609205,0.013651695099227368,0.06423009734849483,0.0067422786358317666,4.545832120319347e-05,0.07154076604609205,0.005118081206461678,0.013651695099227368,0.00018636877908226852,0.06423009734849483,0.004125505405397123,0.015916917048004037,,0.038090737089578074,,0.013019208426346783,0.01664796443496359,0.03736147036550519,0.047508194460778884,0.008068535518550494,0.02308376585732543,,,0.008290966111418396,0.023432018055620923,,,,,,,,,0.006909416463395601,-0.007310668697597222,1,0,0,16.88504611440178,18.783510408679835,6.340218512638164e-10,7.93397728096677e-10,4.4685195154620303e-10,3.777960492214312e-10,3.938833333333334e-05,0,,3.844666666666665e-05,0,,-0.007756745768232598,0.028366213418943076,-0.002356322716233983
2026-01-26,466.7799987792969,469.2799987792969,460.3599853515625,464.70001220703125,34156000.0,99.37000274658203,106.69999694824219,96.51000213623047,98.33999633789062,393030300.0,97.04000091552734,16.149999618530273,4.2129998207092285,5022.16,5110.47,4973.39,5039.15,59739.976,356534.0,104.85,118.33,102.65,106.92,10476785.9,732479.0,0.00047936,5068.462137491667,0.0006971316666666668,108.46137513666667,,,0.009825555688406595,0.026344743535965165,0.01452287824537457,0.056799502675642266,0.009825555688406595,9.65415445859792e-05,0.026344743535965165,0.0006940455119757783,0.01452287824537457,0.00021091399252997397,0.056799502675642266,0.003226183504200293,0.015826331269635313,,0.03799912342346422,,0.013006455253011156,0.016626105717802493,0.038348565727686135,0.04818430807841205,0.00837849702913856,0.026431098056333462,,,0.008685262708127722,0.027871489413676117,,,,,,,,,0.0046973225569679755,0.0304547591396771,1,0,0,17.346448824009634,19.789397266098185,4.2519259413791344e-10,7.838267172585905e-10,1.4451685449096994e-10,3.8005508416577285e-10,0.00044136333333333333,1,,0.0006086850000000001,1,,-0.005754203714711359,0.0037220555605581573,-0.006152415034072378
2026-01-27,465.07000732421875,476.489990234375,463.95001220703125,476.1000061035156,28386200.0,97.9800033569336,101.73999786376953,95.06999969482422,101.58999633789062,215489700.0,96.22000122070312,16.350000381469727,4.2230000495910645,5039.15,5195.0,5014.09,5175.05,79712.158,314501.0,106.88,113.69,104.27,112.93,11262048.893,774349.0,0.0,5078.179461558333,0.000384485,109.82869080500001,,,0.026611583874023736,0.05468726646486122,0.02423586666073163,0.03251424431099448,0.026611583874023736,0.0007081763962842001,0.05468726646486122,0.0029906971133987345,0.02423586666073163,0.000587377232796763,0.03251424431099448,0.0010571760831150367,0.016232637068964405,,0.037841103334361845,,0.013467965373221423,0.017082698972098024,0.03646031443618213,0.04573663221058648,0.00903348002526568,0.026924743752281325,,,0.00897993504759443,0.028833624862409132,,,,,,,,,-0.0023757172132921056,-0.02217302215386674,1,0,0,17.161413669543286,19.188423670542154,8.537904566561086e-10,7.711092772271948e-10,1.5088537554692627e-10,3.564834812968707e-10,-0.00047936,0,,-0.0003126466666666668,0,,-0.008486025112438789,0.012307894626494953,0.0023708472545729276
2026-01-28,483.3900146484375,495.8800048828125,481.25,494.55999755859375,44154600.0,102.77999877929688,106.44999694824219,100.0,105.5999984741211,184566000.0,96.44999694824219,16.350000381469727,4.250999927520752,5175.1,5625.34,5161.0,5520.0,262010.02,677224.0,112.92,119.56,110.53,117.79,15794922.964,877935.0,2.9363333333333334e-05,5261.788022178333,7.339166666666667e-05,113.809682515,,,0.06452885934849917,0.042135220235113735,0.038040544426992895,0.038713287767029314,0.06452885934849917,0.004163973688818388,0.042135220235113735,0.001775376784261538,0.038040544426992895,0.00144708302030202,0.038713287767029314,0.0014987186497328216,0.02262789874148782,,0.03790116745785062,,0.014810245342707624,0.013709646323418244,0.03643946394775172,0.04039503252280242,0.009473553713573044,0.027701542268456444,,,0.009215388847753338,0.029607402656980378,,,,,,,,,-0.026488314921506273,-0.003421932468084421,1,0,0,17.60320766984729,19.033517681054267,8.615307222122473e-10,7.065799107458276e-10,2.0975308435480702e-10,3.426374191195274e-10,2.9363333333333334e-05,0,,-0.00031109333333333335,0,,0.002387458753018379,0.0,0.006608444631828636
2026-01-29,509.510009765625,509.70001220703125,468.510009765625,495.8999938964844,69970900.0,109.52999877929688,109.83000183105469,96.73999786376953,105.56999969482422,246351300.0,96.27999877929688,16.8799991607666,4.2270002365112305,5519.84,5604.31,5112.55,5442.89,611469.339,1190545.0,117.78,121.74,107.33,117.57,27036185.949,1572152.0,0.00025598166666666666,5444.491214785,0.000136895,115.96180766333333,,,-0.014067690484477424,-0.0018694770910432368,0.002705807739847188,-0.00028411971169006733,0.014067690484477424,0.00019789991556705666,0.0018694770910432368,3.4949445939354827e-06,0.002705807739847188,7.321395525016948e-06,0.00028411971169006733,8.072401057084699e-08,0.024518605761768765,,0.03843495108019148,,0.015313692671699275,0.013640211481510168,0.03399899453208878,0.04042515358267339,0.014653361661513476,0.03209201032439577,,,0.015705888345907096,0.03484835521061303,,,,,,,,,-0.011361882744630236,-0.0015853573793531694,1,0,0,18.06358999929478,19.322269123985176,3.8670472151239844e-11,7.049408668641049e-10,1.1533111929592712e-12,3.240084860477704e-10,0.0002266183333333333,0,,6.350333333333333e-05,0,,-0.0017641074747167806,0.031901518775447446,-0.005661654789569592
2026-01-30,466.25,470.05999755859375,430.79998779296875,444.95001220703125,86593500.0,89.33000183105469,92.13999938964844,69.12000274658203,75.44000244140625,510687700.0,96.98999786376953,17.440000534057617,4.241000175476074,5442.89,5457.92,4740.9,4903.03,913274.603,2089596.0,117.56,118.61,76.55,86.04,73935984.56,3551757.0,0.000687085,5159.935312956667,0.0010211916666666666,103.59144449,,,-0.10445678845131567,-0.3122215964801205,-0.10841233744964729,-0.3360365664234335,0.10445678845131567,0.010911220653562915,0.3122215964801205,0.09748232530859519,0.10841233744964729,0.011753234911296196,0.3360365664234335,0.11292057397365063,0.045512378559101646,,0.11360822034053275,,0.042019359513501525,0.029864180173938996,0.11881039965999043,0.08798948212897247,0.018696247822662188,0.04972433633154395,,,0.019798907032989827,0.051656421850570115,,,,,,,,,0.003955548998331615,0.023814969943313002,1,0,0,18.27673531297897,20.051268806738054,1.2519685363179371e-09,7.357139371034245e-10,6.580079497184551e-10,3.271069915631034e-10,0.0004311033333333334,1,,0.0008842966666666667,1,,0.007347258143992619,0.03263700965321181,0.003306554331406586
2026-02-02,434.010009765625,440.7799987792969,422.54998779296875,427.1300048828125,41626200.0,73.80000305175781,74.91999816894531,68.26000213623047,72.44000244140625,220063200.0,97.61000061035156,16.34000015258789,4.275000095367432,4769.1,4884.61,4444.0,4773.15,646411.608,2392043.0,82.38,88.27,72.61,82.81,63523765.609,3677672.0,0.00013299166666666667,4680.7388744616665,0.0006027866666666667,79.41370505666667,,,-0.0268469170476493,-0.03826347735392055,-0.040873515763860446,-0.040579003969754446,0.0268469170476493,0.0007207569549633625,0.03826347735392055,0.0014640936992139908,0.040873515763860446,0.0016706442908985483,0.040579003969754446,0.0016466555631773471,0.04663353583090329,,0.11404890045820898,,0.04443109478550963,0.03163702026000027,0.11908929095866232,0.08858752369994376,0.019447595321975982,0.05099652795196501,0.030752286867143843,,0.020691598241036748,0.053383748329633524,0.030828524443245336,,,,,,,,0.014026598716211147,0.002315526615833896,1,0,0,17.544240334678168,19.209425335789,9.819180171108688e-10,7.609077047993673e-10,1.843970458020898e-10,3.2280291069706453e-10,-0.0005540933333333333,0,,-0.00041840499999999995,0,,0.0063720950596488635,-0.06515035033324201,0.007984992828333537
2026-02-03,452.6300048828125,459.0,448.30999755859375,454.2900085449219,28703500.0,79.05000305175781,80.72000122070312,74.91000366210938,76.95999908447266,175508800.0,97.44000244140625,18.0,4.27400016784668,4773.16,4996.18,4748.13,4949.56,434443.038,1688597.0,82.8,89.26,81.29,84.6,45492028.759,1940215.0,8.166333333333333e-05,4880.768439463333,0.00024204166666666666,85.43979813666668,,,0.03629221943529615,0.021385439566569353,0.06164735147244915,0.060527127743633,0.03629221943529615,0.0013171251915396875,0.021385439566569353,0.00045733702545539,0.06164735147244915,0.0038003959435676787,0.060527127743633,0.003663533192894068,0.04640022896424289,0.03338481154310283,0.11262819618280973,,0.04721194938928558,0.03389597614381616,0.11959037886273251,0.08891625449593671,0.019668306711635553,0.051818389453830375,0.031379684724947565,,0.020988206574021655,0.0543474915558707,0.0313817332454909,,0.9401988964596304,,,,1.0153112920842273,,0.025355132037153005,0.03914168817706365,1,0,0,17.172529624513917,18.983199742063245,2.1477294222812255e-09,7.714568301574053e-10,3.448666263095241e-10,3.161356667396109e-10,-5.132833333333334e-05,0,,-0.000360745,0,,-0.0017431244227656961,0.09675565912600348,-0.00023392852837189615
2026-02-04,462.4700012207031,463.1000061035156,445.7099914550781,453.9700012207031,24427900.0,82.5999984741211,82.80000305175781,75.76000213623047,79.18000030517578,130805800.0,97.62000274658203,18.639999389648438,4.275000095367432,4949.55,5094.8,4855.01,5013.95,505190.81799999997,1515033.0,84.59,92.31,83.65,89.46,45187818.266,1720738.0,2.7183333333333337e-06,5004.156258656666,3.4571666666666666e-05,87.89449182499999,,,0.0129253438673409,0.05585733139252369,-0.0007046601942608532,0.028437951070881873,0.0129253438673409,0.00016706451408900699,0.05585733139252369,0.0031200414702942125,0.0007046601942608532,4.965459893757434e-07,0.028437951070881873,0.0008087170611098714,0.04647004860421629,0.03339287345027375,0.11397072008847231,,0.047075727782297586,0.033895418508700426,0.12017443361540099,0.08800218062234334,0.02030252173119073,0.052974646987707256,0.03195783683587744,,0.021672978270906734,0.055732896855329415,0.03217493349670705,,0.9362107162275223,,,,1.015049470336089,,-0.012220683673080046,-0.027419380321641817,1,0,0,17.011236479653775,18.689224338511917,2.8846531804242413e-11,7.267038239032405e-10,2.1740588774260678e-10,2.9627176735601496e-10,-7.8945e-05,0,,-0.00020747,0,,0.0018455895773756836,0.034938018617097555,0.00023392852837189615
2026-02-05,444.2900085449219,450.8999938964844,440.3500061035156,441.8800048828125,17718100.0,68.2300033569336,70.5199966430664,65.51000213623047,66.69000244140625,170928000.0,97.81999969482422,21.770000457763672,4.210000038146973,5013.96,5025.46,4700.0,4702.29,609386.441,1713027.0,89.45,90.36,66.87,67.17,83594999.359,2840154.0,2.764333333333333e-05,4888.385986033333,8.595666666666667e-05,79.01218152166668,,,-0.0641744035095968,-0.28656487872592873,-0.02699275619765107,-0.17166869227969261,0.0641744035095968,0.00411835406581255,0.28656487872592873,0.08211942971920624,0.02699275619765107,0.0007286088871458302,0.17166869227969261,0.029470139909019793,0.049631626612317466,0.03680754442103226,0.1421104120293507,,0.04754325940807918,0.034499428839760746,0.12964476529966779,0.09603491459628587,0.020504458942830556,0.05370738684389441,0.03313503462445768,0.08857857851236575,0.02192286112753254,0.05665264853603271,0.03259570751082021,0.08298248742506789,0.9171810799070808,,,,0.9372923236913182,,-0.03718164731194573,-0.11489618644623611,1,0,0,16.690097273916063,18.956752973167806,1.5234565894566047e-09,7.575206704800713e-10,1.0043333583713178e-09,3.2619470095638575e-10,2.4924999999999996e-05,0,,5.1385000000000004e-05,0,,0.0020466333969979544,0.1552231197604641,-0.015321467941565858
2026-02-06,450.7300109863281,456.92999267578125,450.0299987792969,455.4599914550781,12663900.0,67.72000122070312,70.83999633789062,67.45999908447266,70.19000244140625,71262700.0,97.62999725341797,20.3700008392334,4.205999851226807,4702.28,4973.45,4650.0,4958.95,425198.197,1285863.0,67.17,78.25,64.52,77.7,42011415.234,1804541.0,-1.0854999999999999e-05,4858.80334457,0.0004178716666666667,73.46712629166667,,,0.053144400679604686,0.14562853809482856,0.030269515441490036,0.05115083227265682,0.053144400679604686,0.002824327323594367,0.14562853809482856,0.021207671107636935,0.030269515441490036,0.0009162435650626038,0.05115083227265682,0.0026164076421854704,0.05293767205100652,0.03850229142977541,0.15008760075027217,0.11088185932445989,0.048441519121394355,0.03500314183031156,0.12868753878938344,0.09671503476606311,0.02053407439869001,0.053816524270313415,0.034280282121196444,0.09152938904275967,0.02196697790839022,0.05679911449211834,0.033392029416920044,0.0850065556556297,0.9139546373512938,0.9379577571589585,,,0.9091184064759892,0.8722349657129923,-0.02287488523811465,-0.09447770582217174,1,0,0,16.354265984112565,18.081883606843206,2.390220661999071e-09,8.454018736173627e-10,7.177784769964767e-10,3.5067901335141144e-10,-3.849833333333333e-05,0,,0.000331915,0,,-0.0019442568864249665,-0.0664696248355332,-0.0009506148464790698
2026-02-09,461.3900146484375,467.55999755859375,460.8500061035156,467.0299987792969,12330900.0,72.87999725341797,76.16000366210938,72.55000305175781,76.04000091552734,88229100.0,96.81999969482422,17.360000610351562,4.197999954223633,5028.4,5086.58,4966.48,5030.5,287540.345,1074957.0,79.71,84.12,78.7,81.79,23047706.762,996871.0,0.00022603499999999997,5031.074933655,0.00026071,81.360463405,,,0.014325357971761932,0.05129972937328109,0.02508561432489298,0.0800536441351527,0.014325357971761932,0.00020521588101912313,0.05129972937328109,0.0026316622337718785,0.02508561432489298,0.0006292880460572758,0.0800536441351527,0.006408585939317668,0.05305533738053274,0.03855709432940001,0.15131780403983328,0.11115046210000147,0.048919653410210075,0.035287549826261116,0.13058708513507744,0.09803294497993172,0.020594463461816235,0.054065482289747946,0.034386935010928675,0.091602224389556,0.02198445588133333,0.05685823975265259,0.033553423557626666,0.08520738591836947,0.9120561455779362,0.9357070738773107,,,0.9152025182394037,0.8819841422857244,0.010760256353131048,0.028753914761871613,1,0,0,16.32761886517742,18.295447398534225,2.03437010476875e-09,9.213698942745556e-10,9.073383286824042e-10,3.753144502703621e-10,0.00023688999999999996,0,,-0.0001571616666666667,0,,-0.00833121374546053,-0.1598945270474892,-0.0019038314147359348
2026-02-10,465.9599914550781,466.75,459.5199890136719,462.3999938964844,7820800.0,74.72000122070312,75.25,72.45999908447266,73.41000366210938,67987900.0,96.80000305175781,17.790000915527344,4.146999835968018,5030.42,5076.93,4997.86,5040.2,184815.233,734524.0,81.78,83.03,79.89,81.38,16411607.435,718292.0,0.0,5031.529999785001,1.0111666666666667e-05,81.57880555666667,,,0.0019263810856600116,-0.005025444173338833,-0.00996318866202106,-0.035199313651913755,0.0019263810856600116,3.710944087188645e-06,0.005025444173338833,2.525508913934523e-05,0.00996318866202106,9.926512831502502e-05,0.035199313651913755,0.0012389916815658021,0.05223870004347779,0.03836689371628161,0.14890413812906575,0.11038206572422676,0.04826700230592637,0.03532850553379363,0.12897777050618645,0.09723117812264448,0.020657624203698176,0.05417005556109301,0.03433792216760728,0.09142775328155342,0.022041935270410214,0.05697920210393315,0.03353929952053764,0.08508102047645845,0.9086117340087317,0.9326376545224685,,,0.9208070321002143,0.8808602872640757,0.00803680757636105,0.030173869478574922,1,0,0,15.872297409079303,18.0348403061305,1.2739347204916454e-09,9.406982606090229e-10,5.177290907928286e-10,3.704419690562025e-10,-0.00022603499999999997,0,,-0.0002505983333333333,0,,-0.00020655555060233866,0.02446780875007093,-0.012223068784242619
